date,start_time,close
06/10/2024 09:00,1718010004,0.555
06/10/2024 10:00,1718013602,0.555
06/10/2024 11:00,1718017203,0.555
06/10/2024 12:00,1718020803,0.555
06/10/2024 13:00,1718024403,0.555
06/10/2024 14:00,1718028003,0.555
06/10/2024 15:00,1718031603,0.565
06/10/2024 16:00,1718035204,0.565
06/10/2024 17:00,1718038804,0.565
06/10/2024 18:00,1718042403,0.565
06/10/2024 19:00,1718046004,0.565
06/10/2024 20:00,1718049604,0.565
06/10/2024 21:00,1718053203,0.565
06/10/2024 22:00,1718056804,0.565
06/10/2024 23:00,1718060403,0.565
06/11/2024 00:00,1718064002,0.565
06/11/2024 01:00,1718067604,0.565
06/11/2024 02:00,1718071204,0.565
06/11/2024 03:00,1718074803,0.565
06/11/2024 04:00,1718078404,0.565
06/11/2024 05:00,1718082004,0.565
06/11/2024 06:00,1718085603,0.565
06/11/2024 07:00,1718089203,0.565
06/11/2024 08:00,1718092804,0.565
06/11/2024 09:00,1718096404,0.565
06/11/2024 10:00,1718100003,0.565
06/11/2024 11:00,1718103603,0.565
06/11/2024 12:00,1718107203,0.565
06/11/2024 13:00,1718110804,0.565
06/11/2024 14:00,1718114403,0.565
06/11/2024 15:00,1718118003,0.565
06/11/2024 16:00,1718121603,0.565
06/11/2024 17:00,1718125203,0.565
06/11/2024 18:00,1718128804,0.555
06/11/2024 19:00,1718132403,0.555
06/11/2024 20:00,1718136003,0.555
06/11/2024 21:00,1718139604,0.555
06/11/2024 22:00,1718143204,0.555
06/11/2024 23:00,1718146803,0.555
06/12/2024 00:00,1718150403,0.555
06/12/2024 01:00,1718154003,0.555
06/12/2024 02:00,1718157603,0.555
06/12/2024 03:00,1718161203,0.555
06/12/2024 04:00,1718164803,0.555
06/12/2024 05:00,1718168402,0.555
06/12/2024 06:00,1718172004,0.555
06/12/2024 07:00,1718175602,0.555
06/12/2024 08:00,1718179203,0.555
06/12/2024 09:00,1718182803,0.555
06/12/2024 10:00,1718186404,0.555
06/12/2024 11:00,1718190004,0.555
06/12/2024 12:00,1718193604,0.555
06/12/2024 13:00,1718197203,0.555
06/12/2024 14:00,1718200803,0.555
06/12/2024 15:00,1718204403,0.565
06/12/2024 16:00,1718208003,0.565
06/12/2024 17:00,1718211603,0.565
06/12/2024 18:00,1718215204,0.565
06/12/2024 19:00,1718218803,0.565
06/12/2024 20:00,1718222403,0.565
06/12/2024 21:00,1718226003,0.565
06/12/2024 22:00,1718229603,0.565
06/12/2024 23:00,1718233203,0.565
06/13/2024 00:00,1718236803,0.565
06/13/2024 01:00,1718240403,0.565
06/13/2024 02:00,1718244003,0.565
06/13/2024 03:00,1718247603,0.565
06/13/2024 04:00,1718251204,0.565
06/13/2024 05:00,1718254803,0.565
06/13/2024 06:00,1718258402,0.565
06/13/2024 07:00,1718262003,0.565
06/13/2024 08:00,1718265603,0.565
06/13/2024 09:00,1718269202,0.565
06/13/2024 10:00,1718272803,0.565
06/13/2024 11:00,1718276403,0.565
06/13/2024 12:00,1718280003,0.565
06/13/2024 13:00,1718283604,0.565
06/13/2024 14:00,1718287203,0.565
06/13/2024 15:00,1718290803,0.565
06/13/2024 16:00,1718294404,0.565
06/13/2024 17:00,1718298003,0.565
06/13/2024 18:00,1718301602,0.565
06/13/2024 19:00,1718305203,0.565
06/13/2024 20:00,1718308803,0.565
06/13/2024 21:00,1718312403,0.565
06/13/2024 22:00,1718316003,0.565
06/13/2024 23:00,1718319604,0.565
06/14/2024 00:00,1718323203,0.565
06/14/2024 01:00,1718326802,0.565
06/14/2024 02:00,1718330403,0.565
06/14/2024 03:00,1718334003,0.565
06/14/2024 04:00,1718337603,0.565
06/14/2024 05:00,1718341203,0.565
06/14/2024 06:00,1718344803,0.555
06/14/2024 07:00,1718348403,0.555
06/14/2024 08:00,1718352004,0.555
06/14/2024 09:00,1718355603,0.555
06/14/2024 10:00,1718359203,0.555
06/14/2024 11:00,1718362803,0.555
06/14/2024 12:00,1718366403,0.555
06/14/2024 13:00,1718370004,0.555
06/14/2024 14:00,1718373603,0.555
06/14/2024 15:00,1718377204,0.555
06/14/2024 16:00,1718380803,0.555
06/14/2024 17:00,1718384403,0.555
06/14/2024 18:00,1718388003,0.555
06/14/2024 19:00,1718391603,0.565
06/14/2024 20:00,1718395203,0.565
06/14/2024 21:00,1718398803,0.565
06/14/2024 22:00,1718402403,0.565
06/14/2024 23:00,1718406003,0.565
06/15/2024 00:00,1718409604,0.565
06/15/2024 01:00,1718413204,0.565
06/15/2024 02:00,1718416803,0.565
06/15/2024 03:00,1718420404,0.565
06/15/2024 04:00,1718424003,0.565
06/15/2024 05:00,1718427604,0.565
06/15/2024 06:00,1718431203,0.565
06/15/2024 07:00,1718434804,0.565
06/15/2024 08:00,1718438404,0.565
06/15/2024 09:00,1718442004,0.565
06/15/2024 10:00,1718445604,0.565
06/15/2024 11:00,1718449204,0.565
06/15/2024 12:00,1718452803,0.565
06/15/2024 13:00,1718456404,0.565
06/15/2024 14:00,1718460004,0.565
06/15/2024 15:00,1718463604,0.565
06/15/2024 16:00,1718467203,0.565
06/15/2024 17:00,1718470803,0.565
06/15/2024 18:00,1718474404,0.565
06/15/2024 19:00,1718478004,0.565
06/15/2024 20:00,1718481604,0.565
06/15/2024 21:00,1718485204,0.565
06/15/2024 22:00,1718488803,0.565
06/15/2024 23:00,1718492404,0.565
06/16/2024 00:00,1718496004,0.565
06/16/2024 01:00,1718499603,0.565
06/16/2024 02:00,1718503203,0.565
06/16/2024 03:00,1718506804,0.565
06/16/2024 04:00,1718510403,0.565
06/16/2024 05:00,1718514004,0.565
06/16/2024 06:00,1718517603,0.565
06/16/2024 07:00,1718521204,0.565
06/16/2024 08:00,1718524804,0.565
06/16/2024 09:00,1718528404,0.565
06/16/2024 10:00,1718532004,0.565
06/16/2024 11:00,1718535604,0.565
06/16/2024 12:00,1718539203,0.565
06/16/2024 13:00,1718542803,0.565
06/16/2024 14:00,1718546403,0.565
06/16/2024 15:00,1718550003,0.565
06/16/2024 16:00,1718553604,0.565
06/16/2024 17:00,1718557203,0.565
06/16/2024 18:00,1718560803,0.565
06/16/2024 19:00,1718564403,0.565
06/16/2024 20:00,1718568003,0.565
06/16/2024 21:00,1718571603,0.565
06/16/2024 22:00,1718575203,0.565
06/16/2024 23:00,1718578804,0.565
06/17/2024 00:00,1718582404,0.565
06/17/2024 01:00,1718586004,0.565
06/17/2024 02:00,1718589603,0.565
06/17/2024 03:00,1718593203,0.565
06/17/2024 04:00,1718596804,0.565
06/17/2024 05:00,1718600404,0.565
06/17/2024 06:00,1718604003,0.565
06/17/2024 07:00,1718607604,0.565
06/17/2024 08:00,1718611204,0.565
06/17/2024 09:00,1718614804,0.565
06/17/2024 10:00,1718618403,0.565
06/17/2024 11:00,1718622003,0.565
06/17/2024 12:00,1718625603,0.565
06/17/2024 13:00,1718629203,0.565
06/17/2024 14:00,1718632803,0.565
06/17/2024 15:00,1718636403,0.565
06/17/2024 16:00,1718640003,0.565
06/17/2024 17:00,1718643603,0.565
06/17/2024 18:00,1718647203,0.565
06/17/2024 19:00,1718650804,0.565
06/17/2024 20:00,1718654403,0.565
06/17/2024 21:00,1718658003,0.565
06/17/2024 22:00,1718661603,0.565
06/17/2024 23:00,1718665203,0.565
06/18/2024 00:00,1718668803,0.565
06/18/2024 01:00,1718672403,0.565
06/18/2024 02:00,1718676003,0.565
06/18/2024 03:00,1718679603,0.565
06/18/2024 04:00,1718683203,0.565
06/18/2024 05:00,1718686803,0.565
06/18/2024 06:00,1718690402,0.565
06/18/2024 07:00,1718694004,0.565
06/18/2024 08:00,1718697604,0.565
06/18/2024 09:00,1718701203,0.565
06/18/2024 10:00,1718704803,0.565
06/18/2024 11:00,1718708404,0.565
06/18/2024 12:00,1718712003,0.565
06/18/2024 13:00,1718715602,0.565
06/18/2024 14:00,1718719202,0.565
06/18/2024 15:00,1718722803,0.565
06/18/2024 16:00,1718726402,0.565
06/18/2024 17:00,1718730003,0.565
06/18/2024 18:00,1718733604,0.565
06/18/2024 19:00,1718737203,0.565
06/18/2024 20:00,1718740803,0.565
06/18/2024 21:00,1718744402,0.565
06/18/2024 22:00,1718748003,0.565
06/18/2024 23:00,1718751604,0.565
06/19/2024 00:00,1718755203,0.565
06/19/2024 01:00,1718758802,0.565
06/19/2024 02:00,1718762404,0.565
06/19/2024 03:00,1718766003,0.565
06/19/2024 04:00,1718769603,0.565
06/19/2024 05:00,1718773204,0.565
06/19/2024 06:00,1718776803,0.565
06/19/2024 07:00,1718780403,0.565
06/19/2024 08:00,1718784003,0.565
06/19/2024 09:00,1718787604,0.565
06/19/2024 10:00,1718791203,0.565
06/19/2024 11:00,1718794803,0.565
06/19/2024 12:00,1718798403,0.565
06/19/2024 13:00,1718802004,0.565
06/19/2024 14:00,1718805603,0.565
06/19/2024 15:00,1718809203,0.565
06/19/2024 16:00,1718812804,0.565
06/19/2024 17:00,1718816403,0.565
06/19/2024 18:00,1718820003,0.565
06/19/2024 19:00,1718823604,0.565
06/19/2024 20:00,1718827203,0.565
06/19/2024 21:00,1718830803,0.565
06/19/2024 22:00,1718834403,0.565
06/19/2024 23:00,1718838004,0.565
06/20/2024 00:00,1718841604,0.565
06/20/2024 01:00,1718845203,0.565
06/20/2024 02:00,1718848804,0.565
06/20/2024 03:00,1718852404,0.565
06/20/2024 04:00,1718856004,0.565
06/20/2024 05:00,1718859604,0.565
06/20/2024 06:00,1718863204,0.565
06/20/2024 07:00,1718866803,0.565
06/20/2024 08:00,1718870403,0.565
06/20/2024 09:00,1718874003,0.565
06/20/2024 10:00,1718877603,0.565
06/20/2024 11:00,1718881203,0.565
06/20/2024 12:00,1718884803,0.565
06/20/2024 13:00,1718888403,0.565
06/20/2024 14:00,1718892003,0.565
06/20/2024 15:00,1718895603,0.565
06/20/2024 16:00,1718899203,0.565
06/20/2024 17:00,1718902803,0.565
06/20/2024 18:00,1718906403,0.565
06/20/2024 19:00,1718910003,0.565
06/20/2024 20:00,1718913603,0.565
06/20/2024 21:00,1718917203,0.565
06/20/2024 22:00,1718920803,0.565
06/20/2024 23:00,1718924403,0.565
06/21/2024 00:00,1718928003,0.565
06/21/2024 01:00,1718931603,0.565
06/21/2024 02:00,1718935203,0.565
06/21/2024 03:00,1718938803,0.565
06/21/2024 04:00,1718942403,0.565
06/21/2024 05:00,1718946003,0.565
06/21/2024 06:00,1718949603,0.565
06/21/2024 07:00,1718953203,0.565
06/21/2024 08:00,1718956803,0.565
06/21/2024 09:00,1718960403,0.565
06/21/2024 10:00,1718964003,0.565
06/21/2024 11:00,1718967604,0.565
06/21/2024 12:00,1718971203,0.565
06/21/2024 13:00,1718974803,0.565
06/21/2024 14:00,1718978403,0.565
06/21/2024 15:00,1718982003,0.565
06/21/2024 16:00,1718985603,0.565
06/21/2024 17:00,1718989203,0.565
06/21/2024 18:00,1718992803,0.565
06/21/2024 19:00,1718996403,0.565
06/21/2024 20:00,1719000003,0.565
06/21/2024 21:00,1719003603,0.565
06/21/2024 22:00,1719007203,0.565
06/21/2024 23:00,1719010803,0.565
06/22/2024 00:00,1719014402,0.565
06/22/2024 01:00,1719018003,0.565
06/22/2024 02:00,1719021602,0.565
06/22/2024 03:00,1719025203,0.565
06/22/2024 04:00,1719028803,0.565
06/22/2024 05:00,1719032403,0.565
06/22/2024 06:00,1719036003,0.565
06/22/2024 07:00,1719039603,0.565
06/22/2024 08:00,1719043203,0.565
06/22/2024 09:00,1719046803,0.565
06/22/2024 10:00,1719050403,0.565
06/22/2024 11:00,1719054003,0.565
06/22/2024 12:00,1719057603,0.565
06/22/2024 13:00,1719061203,0.565
06/22/2024 14:00,1719064803,0.565
06/22/2024 15:00,1719068404,0.565
06/22/2024 16:00,1719072002,0.575
06/22/2024 17:00,1719075603,0.575
06/22/2024 18:00,1719079203,0.575
06/22/2024 19:00,1719082803,0.575
06/22/2024 20:00,1719086403,0.575
06/22/2024 21:00,1719090003,0.575
06/22/2024 22:00,1719093603,0.575
06/22/2024 23:00,1719097203,0.575
06/23/2024 00:00,1719100803,0.575
06/23/2024 01:00,1719104403,0.575
06/23/2024 02:00,1719108003,0.575
06/23/2024 03:00,1719111603,0.575
06/23/2024 04:00,1719115203,0.575
06/23/2024 05:00,1719118803,0.575
06/23/2024 06:00,1719122403,0.575
06/23/2024 07:00,1719126003,0.575
06/23/2024 08:00,1719129603,0.575
06/23/2024 09:00,1719133203,0.575
06/23/2024 10:00,1719136803,0.575
06/23/2024 11:00,1719140403,0.575
06/23/2024 12:00,1719144003,0.575
06/23/2024 13:00,1719147603,0.575
06/23/2024 14:00,1719151203,0.575
06/23/2024 15:00,1719154803,0.575
06/23/2024 16:00,1719158403,0.575
06/23/2024 17:00,1719162003,0.575
06/23/2024 18:00,1719165603,0.575
06/23/2024 19:00,1719169203,0.575
06/23/2024 20:00,1719172803,0.575
06/23/2024 21:00,1719176403,0.575
06/23/2024 22:00,1719180003,0.575
06/23/2024 23:00,1719183603,0.575
06/24/2024 00:00,1719187203,0.575
06/24/2024 01:00,1719190803,0.575
06/24/2024 02:00,1719194403,0.575
06/24/2024 03:00,1719198003,0.575
06/24/2024 04:00,1719201603,0.575
06/24/2024 05:00,1719205203,0.575
06/24/2024 06:00,1719208802,0.575
06/24/2024 07:00,1719212403,0.575
06/24/2024 08:00,1719216003,0.575
06/24/2024 09:00,1719219603,0.575
06/24/2024 10:00,1719223203,0.575
06/24/2024 11:00,1719226803,0.575
06/24/2024 12:00,1719230403,0.575
06/24/2024 13:00,1719234003,0.575
06/24/2024 14:00,1719237603,0.575
06/24/2024 15:00,1719241203,0.575
06/24/2024 16:00,1719244803,0.575
06/24/2024 17:00,1719248402,0.585
06/24/2024 18:00,1719252003,0.585
06/24/2024 19:00,1719255603,0.585
06/24/2024 20:00,1719259203,0.585
06/24/2024 21:00,1719262803,0.585
06/24/2024 22:00,1719266403,0.585
06/24/2024 23:00,1719270003,0.585
06/25/2024 00:00,1719273603,0.585
06/25/2024 01:00,1719277203,0.585
06/25/2024 02:00,1719280803,0.585
06/25/2024 03:00,1719284403,0.585
06/25/2024 04:00,1719288002,0.585
06/25/2024 05:00,1719291602,0.585
06/25/2024 06:00,1719295203,0.585
06/25/2024 07:00,1719298803,0.585
06/25/2024 08:00,1719302403,0.585
06/25/2024 09:00,1719306003,0.585
06/25/2024 10:00,1719309603,0.585
06/25/2024 11:00,1719313203,0.585
06/25/2024 12:00,1719316803,0.585
06/25/2024 13:00,1719320403,0.585
06/25/2024 14:00,1719324003,0.585
06/25/2024 15:00,1719327603,0.585
06/25/2024 16:00,1719331203,0.595
06/25/2024 17:00,1719334803,0.595
06/25/2024 18:00,1719338402,0.595
06/25/2024 19:00,1719342003,0.595
06/25/2024 20:00,1719345603,0.595
06/25/2024 21:00,1719349203,0.595
06/25/2024 22:00,1719352803,0.595
06/25/2024 23:00,1719356403,0.595
06/26/2024 00:00,1719360003,0.595
06/26/2024 01:00,1719363603,0.595
06/26/2024 02:00,1719367203,0.595
06/26/2024 03:00,1719370803,0.595
06/26/2024 04:00,1719374403,0.595
06/26/2024 05:00,1719378003,0.595
06/26/2024 06:00,1719381603,0.595
06/26/2024 07:00,1719385203,0.595
06/26/2024 08:00,1719388803,0.595
06/26/2024 09:00,1719392403,0.595
06/26/2024 10:00,1719396003,0.595
06/26/2024 11:00,1719399603,0.595
06/26/2024 12:00,1719403203,0.595
06/26/2024 13:00,1719406803,0.595
06/26/2024 14:00,1719410403,0.595
06/26/2024 15:00,1719414003,0.595
06/26/2024 16:00,1719417603,0.595
06/26/2024 17:00,1719421202,0.595
06/26/2024 18:00,1719424802,0.595
06/26/2024 19:00,1719428405,0.595
06/26/2024 20:00,1719432002,0.595
06/26/2024 21:00,1719435602,0.595
06/26/2024 22:00,1719439202,0.595
06/26/2024 23:00,1719442803,0.595
06/27/2024 00:00,1719446402,0.595
06/27/2024 01:00,1719450002,0.595
06/27/2024 02:00,1719453602,0.595
06/27/2024 03:00,1719457202,0.595
06/27/2024 04:00,1719460802,0.595
06/27/2024 05:00,1719464403,0.595
06/27/2024 06:00,1719468002,0.595
06/27/2024 07:00,1719471603,0.595
06/27/2024 08:00,1719475202,0.595
06/27/2024 09:00,1719478803,0.595
06/27/2024 10:00,1719482402,0.595
06/27/2024 11:00,1719486002,0.595
06/27/2024 12:00,1719489603,0.595
06/27/2024 13:00,1719493202,0.595
06/27/2024 14:00,1719496803,0.595
06/27/2024 15:00,1719500403,0.595
06/27/2024 16:00,1719504003,0.595
06/27/2024 17:00,1719507603,0.595
06/27/2024 18:00,1719511203,0.595
06/27/2024 19:00,1719514803,0.595
06/27/2024 20:00,1719518403,0.595
06/27/2024 21:00,1719522003,0.595
06/27/2024 22:00,1719525603,0.595
06/27/2024 23:00,1719529203,0.595
06/28/2024 00:00,1719532803,0.605
06/28/2024 01:00,1719536403,0.605
06/28/2024 02:00,1719540002,0.685
06/28/2024 03:00,1719543603,0.665
06/28/2024 04:00,1719547203,0.635
06/28/2024 05:00,1719550802,0.635
06/28/2024 06:00,1719554402,0.615
06/28/2024 07:00,1719558003,0.615
06/28/2024 08:00,1719561602,0.615
06/28/2024 09:00,1719565202,0.625
06/28/2024 10:00,1719568802,0.625
06/28/2024 11:00,1719572402,0.625
06/28/2024 12:00,1719576003,0.625
06/28/2024 13:00,1719579603,0.635
06/28/2024 14:00,1719583202,0.635
06/28/2024 15:00,1719586803,0.635
06/28/2024 16:00,1719590402,0.635
06/28/2024 17:00,1719594003,0.635
06/28/2024 18:00,1719597602,0.625
06/28/2024 19:00,1719601202,0.625
06/28/2024 20:00,1719604803,0.615
06/28/2024 21:00,1719608402,0.625
06/28/2024 22:00,1719612002,0.625
06/28/2024 23:00,1719615602,0.625
06/29/2024 00:00,1719619202,0.625
06/29/2024 01:00,1719622802,0.625
06/29/2024 02:00,1719626402,0.625
06/29/2024 03:00,1719630002,0.625
06/29/2024 04:00,1719633602,0.635
06/29/2024 05:00,1719637203,0.625
06/29/2024 06:00,1719640802,0.635
06/29/2024 07:00,1719644402,0.63
06/29/2024 08:00,1719648002,0.635
06/29/2024 09:00,1719651602,0.635
06/29/2024 10:00,1719655202,0.635
06/29/2024 11:00,1719658802,0.635
06/29/2024 12:00,1719662402,0.625
06/29/2024 13:00,1719666002,0.625
06/29/2024 14:00,1719669602,0.625
06/29/2024 15:00,1719673202,0.625
06/29/2024 16:00,1719676802,0.635
06/29/2024 17:00,1719680402,0.635
06/29/2024 18:00,1719684002,0.635
06/29/2024 19:00,1719687603,0.63
06/29/2024 20:00,1719691203,0.625
06/29/2024 21:00,1719694803,0.625
06/29/2024 22:00,1719698403,0.625
06/29/2024 23:00,1719702003,0.625
06/30/2024 00:00,1719705602,0.625
06/30/2024 01:00,1719709202,0.625
06/30/2024 02:00,1719712803,0.625
06/30/2024 03:00,1719716403,0.615
06/30/2024 04:00,1719720003,0.635
06/30/2024 05:00,1719723603,0.655
06/30/2024 06:00,1719727203,0.645
06/30/2024 07:00,1719730803,0.635
06/30/2024 08:00,1719734402,0.635
06/30/2024 09:00,1719738003,0.635
06/30/2024 10:00,1719741602,0.645
06/30/2024 11:00,1719745203,0.65
06/30/2024 12:00,1719748803,0.65
06/30/2024 13:00,1719752403,0.645
06/30/2024 14:00,1719756002,0.615
06/30/2024 15:00,1719759603,0.615
06/30/2024 16:00,1719763203,0.635
06/30/2024 17:00,1719766803,0.625
06/30/2024 18:00,1719770403,0.625
06/30/2024 19:00,1719774003,0.625
06/30/2024 20:00,1719777602,0.625
06/30/2024 21:00,1719781203,0.615
06/30/2024 22:00,1719784803,0.615
06/30/2024 23:00,1719788404,0.615
07/01/2024 00:00,1719792002,0.615
07/01/2024 01:00,1719795603,0.615
07/01/2024 02:00,1719799203,0.615
07/01/2024 03:00,1719802803,0.625
07/01/2024 04:00,1719806403,0.625
07/01/2024 05:00,1719810003,0.625
07/01/2024 06:00,1719813603,0.625
07/01/2024 07:00,1719817203,0.625
07/01/2024 08:00,1719820803,0.625
07/01/2024 09:00,1719824403,0.625
07/01/2024 10:00,1719828002,0.625
07/01/2024 11:00,1719831603,0.625
07/01/2024 12:00,1719835202,0.625
07/01/2024 13:00,1719838803,0.625
07/01/2024 14:00,1719842402,0.625
07/01/2024 15:00,1719846002,0.625
07/01/2024 16:00,1719849602,0.625
07/01/2024 17:00,1719853202,0.625
07/01/2024 18:00,1719856803,0.625
07/01/2024 19:00,1719860402,0.625
07/01/2024 20:00,1719864002,0.625
07/01/2024 21:00,1719867602,0.625
07/01/2024 22:00,1719871202,0.625
07/01/2024 23:00,1719874802,0.625
07/02/2024 00:00,1719878403,0.66
07/02/2024 01:00,1719882003,0.64
07/02/2024 02:00,1719885603,0.645
07/02/2024 03:00,1719889202,0.655
07/02/2024 04:00,1719892802,0.655
07/02/2024 05:00,1719896403,0.655
07/02/2024 06:00,1719900003,0.655
07/02/2024 07:00,1719903603,0.655
07/02/2024 08:00,1719907203,0.655
07/02/2024 09:00,1719910803,0.655
07/02/2024 10:00,1719914402,0.655
07/02/2024 11:00,1719918003,0.665
07/02/2024 12:00,1719921603,0.67
07/02/2024 13:00,1719925203,0.665
07/02/2024 14:00,1719928802,0.655
07/02/2024 15:00,1719932402,0.655
07/02/2024 16:00,1719936003,0.655
07/02/2024 17:00,1719939602,0.655
07/02/2024 18:00,1719943202,0.655
07/02/2024 19:00,1719946802,0.655
07/02/2024 20:00,1719950402,0.655
07/02/2024 21:00,1719954003,0.655
07/02/2024 22:00,1719957602,0.655
07/02/2024 23:00,1719961202,0.655
07/03/2024 00:00,1719964802,0.65
07/03/2024 01:00,1719968403,0.645
07/03/2024 02:00,1719972002,0.645
07/03/2024 03:00,1719975602,0.645
07/03/2024 04:00,1719979202,0.645
07/03/2024 05:00,1719982802,0.645
07/03/2024 06:00,1719986402,0.635
07/03/2024 07:00,1719990002,0.635
07/03/2024 08:00,1719993602,0.635
07/03/2024 09:00,1719997203,0.635
07/03/2024 10:00,1720000802,0.635
07/03/2024 11:00,1720004403,0.625
07/03/2024 12:00,1720008002,0.625
07/03/2024 13:00,1720011602,0.625
07/03/2024 14:00,1720015202,0.635
07/03/2024 15:00,1720018803,0.635
07/03/2024 16:00,1720022402,0.625
07/03/2024 17:00,1720026002,0.62
07/03/2024 18:00,1720029602,0.605
07/03/2024 19:00,1720033202,0.62
07/03/2024 20:00,1720036802,0.605
07/03/2024 21:00,1720040402,0.605
07/03/2024 22:00,1720044003,0.615
07/03/2024 23:00,1720047603,0.615
07/04/2024 00:00,1720051203,0.615
07/04/2024 01:00,1720054802,0.615
07/04/2024 02:00,1720058402,0.615
07/04/2024 03:00,1720062003,0.615
07/04/2024 04:00,1720065603,0.615
07/04/2024 05:00,1720069203,0.615
07/04/2024 06:00,1720072803,0.615
07/04/2024 07:00,1720076403,0.615
07/04/2024 08:00,1720080002,0.615
07/04/2024 09:00,1720083602,0.615
07/04/2024 10:00,1720087202,0.615
07/04/2024 11:00,1720090802,0.625
07/04/2024 12:00,1720094402,0.625
07/04/2024 13:00,1720098003,0.625
07/04/2024 14:00,1720101602,0.625
07/04/2024 15:00,1720105202,0.635
07/04/2024 16:00,1720108802,0.635
07/04/2024 17:00,1720112402,0.635
07/04/2024 18:00,1720116002,0.625
07/04/2024 19:00,1720119602,0.625
07/04/2024 20:00,1720123202,0.625
07/04/2024 21:00,1720126802,0.625
07/04/2024 22:00,1720130402,0.615
07/04/2024 23:00,1720134003,0.605
07/05/2024 00:00,1720137602,0.605
07/05/2024 01:00,1720141202,0.605
07/05/2024 02:00,1720144802,0.605
07/05/2024 03:00,1720148402,0.605
07/05/2024 04:00,1720152002,0.605
07/05/2024 05:00,1720155602,0.605
07/05/2024 06:00,1720159202,0.605
07/05/2024 07:00,1720162802,0.605
07/05/2024 08:00,1720166402,0.605
07/05/2024 09:00,1720170002,0.605
07/05/2024 10:00,1720173602,0.605
07/05/2024 11:00,1720177202,0.615
07/05/2024 12:00,1720180802,0.615
07/05/2024 13:00,1720184402,0.615
07/05/2024 14:00,1720188002,0.615
07/05/2024 15:00,1720191602,0.615
07/05/2024 16:00,1720195202,0.615
07/05/2024 17:00,1720198802,0.605
07/05/2024 18:00,1720202402,0.605
07/05/2024 19:00,1720206002,0.605
07/05/2024 20:00,1720209602,0.605
07/05/2024 21:00,1720213202,0.605
07/05/2024 22:00,1720216803,0.605
07/05/2024 23:00,1720220402,0.605
07/06/2024 00:00,1720224002,0.605
07/06/2024 01:00,1720227602,0.605
07/06/2024 02:00,1720231202,0.605
07/06/2024 03:00,1720234802,0.605
07/06/2024 04:00,1720238402,0.605
07/06/2024 05:00,1720242002,0.605
07/06/2024 06:00,1720245602,0.605
07/06/2024 07:00,1720249203,0.605
07/06/2024 08:00,1720252802,0.605
07/06/2024 09:00,1720256403,0.605
07/06/2024 10:00,1720260002,0.605
07/06/2024 11:00,1720263602,0.605
07/06/2024 12:00,1720267202,0.605
07/06/2024 13:00,1720270802,0.605
07/06/2024 14:00,1720274402,0.615
07/06/2024 15:00,1720278002,0.615
07/06/2024 16:00,1720281602,0.615
07/06/2024 17:00,1720285202,0.615
07/06/2024 18:00,1720288803,0.615
07/06/2024 19:00,1720292402,0.615
07/06/2024 20:00,1720296002,0.615
07/06/2024 21:00,1720299603,0.615
07/06/2024 22:00,1720303202,0.625
07/06/2024 23:00,1720306802,0.625
07/07/2024 00:00,1720310402,0.625
07/07/2024 01:00,1720314002,0.625
07/07/2024 02:00,1720317602,0.625
07/07/2024 03:00,1720321202,0.625
07/07/2024 04:00,1720324802,0.625
07/07/2024 05:00,1720328402,0.625
07/07/2024 06:00,1720332002,0.625
07/07/2024 07:00,1720335603,0.625
07/07/2024 08:00,1720339202,0.625
07/07/2024 09:00,1720342802,0.625
07/07/2024 10:00,1720346402,0.625
07/07/2024 11:00,1720350002,0.625
07/07/2024 12:00,1720353602,0.625
07/07/2024 13:00,1720357202,0.625
07/07/2024 14:00,1720360802,0.625
07/07/2024 15:00,1720364402,0.625
07/07/2024 16:00,1720368002,0.625
07/07/2024 17:00,1720371602,0.625
07/07/2024 18:00,1720375203,0.625
07/07/2024 19:00,1720378802,0.625
07/07/2024 20:00,1720382402,0.625
07/07/2024 21:00,1720386002,0.625
07/07/2024 22:00,1720389602,0.625
07/07/2024 23:00,1720393202,0.625
07/08/2024 00:00,1720396802,0.625
07/08/2024 01:00,1720400402,0.625
07/08/2024 02:00,1720404002,0.625
07/08/2024 03:00,1720407602,0.615
07/08/2024 04:00,1720411202,0.615
07/08/2024 05:00,1720414802,0.615
07/08/2024 06:00,1720418402,0.615
07/08/2024 07:00,1720422002,0.615
07/08/2024 08:00,1720425603,0.615
07/08/2024 09:00,1720429202,0.615
07/08/2024 10:00,1720432802,0.605
07/08/2024 11:00,1720436402,0.605
07/08/2024 12:00,1720440002,0.605
07/08/2024 13:00,1720443603,0.605
07/08/2024 14:00,1720447202,0.605
07/08/2024 15:00,1720450802,0.605
07/08/2024 16:00,1720454402,0.605
07/08/2024 17:00,1720458002,0.605
07/08/2024 18:00,1720461602,0.605
07/08/2024 19:00,1720465202,0.605
07/08/2024 20:00,1720468802,0.605
07/08/2024 21:00,1720472403,0.605
07/08/2024 22:00,1720476002,0.605
07/08/2024 23:00,1720479602,0.605
07/09/2024 00:00,1720483202,0.605
07/09/2024 01:00,1720486802,0.615
07/09/2024 02:00,1720490402,0.615
07/09/2024 03:00,1720494002,0.615
07/09/2024 04:00,1720497604,0.615
07/09/2024 05:00,1720501202,0.615
07/09/2024 06:00,1720504803,0.625
07/09/2024 07:00,1720508402,0.62
07/09/2024 08:00,1720512002,0.625
07/09/2024 09:00,1720515602,0.625
07/09/2024 10:00,1720519202,0.625
07/09/2024 11:00,1720522802,0.625
07/09/2024 12:00,1720526402,0.625
07/09/2024 13:00,1720530002,0.625
07/09/2024 14:00,1720533602,0.625
07/09/2024 15:00,1720537202,0.625
07/09/2024 16:00,1720540802,0.625
07/09/2024 17:00,1720544402,0.625
07/09/2024 18:00,1720548002,0.625
07/09/2024 19:00,1720551602,0.625
07/09/2024 20:00,1720555202,0.625
07/09/2024 21:00,1720558802,0.625
07/09/2024 22:00,1720562402,0.625
07/09/2024 23:00,1720566002,0.625
07/10/2024 00:00,1720569603,0.625
07/10/2024 01:00,1720573203,0.625
07/10/2024 02:00,1720576802,0.625
07/10/2024 03:00,1720580403,0.625
07/10/2024 04:00,1720584003,0.625
07/10/2024 05:00,1720587602,0.625
07/10/2024 06:00,1720591202,0.625
07/10/2024 07:00,1720594802,0.625
07/10/2024 08:00,1720598403,0.625
07/10/2024 09:00,1720602002,0.625
07/10/2024 10:00,1720605602,0.625
07/10/2024 11:00,1720609203,0.625
07/10/2024 12:00,1720612802,0.625
07/10/2024 13:00,1720616402,0.625
07/10/2024 14:00,1720620002,0.625
07/10/2024 15:00,1720623603,0.625
07/10/2024 16:00,1720627202,0.625
07/10/2024 17:00,1720630802,0.625
07/10/2024 18:00,1720634402,0.625
07/10/2024 19:00,1720638002,0.625
07/10/2024 20:00,1720641602,0.625
07/10/2024 21:00,1720645202,0.625
07/10/2024 22:00,1720648802,0.625
07/10/2024 23:00,1720652402,0.625
07/11/2024 00:00,1720656003,0.625
07/11/2024 01:00,1720659602,0.615
07/11/2024 02:00,1720663203,0.615
07/11/2024 03:00,1720666802,0.615
07/11/2024 04:00,1720670402,0.615
07/11/2024 05:00,1720674002,0.615
07/11/2024 06:00,1720677603,0.615
07/11/2024 07:00,1720681202,0.615
07/11/2024 08:00,1720684802,0.615
07/11/2024 09:00,1720688402,0.615
07/11/2024 10:00,1720692003,0.615
07/11/2024 11:00,1720695603,0.615
07/11/2024 12:00,1720699202,0.615
07/11/2024 13:00,1720702803,0.615
07/11/2024 14:00,1720706403,0.615
07/11/2024 15:00,1720710002,0.615
07/11/2024 16:00,1720713603,0.615
07/11/2024 17:00,1720717202,0.615
07/11/2024 18:00,1720720802,0.605
07/11/2024 19:00,1720724402,0.605
07/11/2024 20:00,1720728002,0.615
07/11/2024 21:00,1720731602,0.615
07/11/2024 22:00,1720735202,0.605
07/11/2024 23:00,1720738802,0.605
07/12/2024 00:00,1720742402,0.6
07/12/2024 01:00,1720746002,0.605
07/12/2024 02:00,1720749602,0.605
07/12/2024 03:00,1720753202,0.605
07/12/2024 04:00,1720756802,0.605
07/12/2024 05:00,1720760402,0.605
07/12/2024 06:00,1720764002,0.605
07/12/2024 07:00,1720767602,0.605
07/12/2024 08:00,1720771203,0.595
07/12/2024 09:00,1720774802,0.595
07/12/2024 10:00,1720778402,0.595
07/12/2024 11:00,1720782002,0.595
07/12/2024 12:00,1720785602,0.595
07/12/2024 13:00,1720789202,0.595
07/12/2024 14:00,1720792802,0.595
07/12/2024 15:00,1720796402,0.595
07/12/2024 16:00,1720800002,0.595
07/12/2024 17:00,1720803603,0.595
07/12/2024 18:00,1720807202,0.595
07/12/2024 19:00,1720810802,0.595
07/12/2024 20:00,1720814402,0.595
07/12/2024 21:00,1720818002,0.595
07/12/2024 22:00,1720821602,0.595
07/12/2024 23:00,1720825202,0.595
07/13/2024 00:00,1720828803,0.595
07/13/2024 01:00,1720832402,0.595
07/13/2024 02:00,1720836003,0.595
07/13/2024 03:00,1720839603,0.595
07/13/2024 04:00,1720843202,0.595
07/13/2024 05:00,1720846803,0.595
07/13/2024 06:00,1720850402,0.595
07/13/2024 07:00,1720854002,0.595
07/13/2024 08:00,1720857602,0.595
07/13/2024 09:00,1720861203,0.595
07/13/2024 10:00,1720864803,0.595
07/13/2024 11:00,1720868402,0.595
07/13/2024 12:00,1720872003,0.595
07/13/2024 13:00,1720875602,0.595
07/13/2024 14:00,1720879203,0.595
07/13/2024 15:00,1720882802,0.595
07/13/2024 16:00,1720886403,0.595
07/13/2024 17:00,1720890002,0.595
07/13/2024 18:00,1720893603,0.595
07/13/2024 19:00,1720897202,0.595
07/13/2024 20:00,1720900803,0.595
07/13/2024 21:00,1720904403,0.595
07/13/2024 22:00,1720908002,0.595
07/13/2024 23:00,1720911602,0.665
07/14/2024 00:00,1720915202,0.675
07/14/2024 01:00,1720918802,0.695
07/14/2024 02:00,1720922403,0.695
07/14/2024 03:00,1720926002,0.7
07/14/2024 04:00,1720929603,0.705
07/14/2024 05:00,1720933202,0.675
07/14/2024 06:00,1720936803,0.7
07/14/2024 07:00,1720940402,0.695
07/14/2024 08:00,1720944003,0.695
07/14/2024 09:00,1720947602,0.695
07/14/2024 10:00,1720951202,0.695
07/14/2024 11:00,1720954802,0.695
07/14/2024 12:00,1720958403,0.695
07/14/2024 13:00,1720962003,0.695
07/14/2024 14:00,1720965602,0.695
07/14/2024 15:00,1720969202,0.7
07/14/2024 16:00,1720972802,0.695
07/14/2024 17:00,1720976403,0.695
07/14/2024 18:00,1720980002,0.685
07/14/2024 19:00,1720983603,0.685
07/14/2024 20:00,1720987202,0.69
07/14/2024 21:00,1720990803,0.685
07/14/2024 22:00,1720994402,0.695
07/14/2024 23:00,1720998002,0.695
07/15/2024 00:00,1721001603,0.695
07/15/2024 01:00,1721005202,0.695
07/15/2024 02:00,1721008803,0.695
07/15/2024 03:00,1721012402,0.695
07/15/2024 04:00,1721016003,0.695
07/15/2024 05:00,1721019602,0.705
07/15/2024 06:00,1721023202,0.705
07/15/2024 07:00,1721026802,0.705
07/15/2024 08:00,1721030403,0.71
07/15/2024 09:00,1721034002,0.705
07/15/2024 10:00,1721037602,0.705
07/15/2024 11:00,1721041203,0.705
07/15/2024 12:00,1721044803,0.705
07/15/2024 13:00,1721048403,0.705
07/15/2024 14:00,1721052002,0.705
07/15/2024 15:00,1721055603,0.715
07/15/2024 16:00,1721059202,0.705
07/15/2024 17:00,1721062802,0.71
07/15/2024 18:00,1721066403,0.705
07/15/2024 19:00,1721070002,0.705
07/15/2024 20:00,1721073603,0.71
07/15/2024 21:00,1721077203,0.705
07/15/2024 22:00,1721080802,0.705
07/15/2024 23:00,1721084402,0.705
07/16/2024 00:00,1721088002,0.705
07/16/2024 01:00,1721091603,0.705
07/16/2024 02:00,1721095202,0.705
07/16/2024 03:00,1721098802,0.705
07/16/2024 04:00,1721102404,0.705
07/16/2024 05:00,1721106002,0.705
07/16/2024 06:00,1721109601,0.705
07/16/2024 07:00,1721113201,0.705
07/16/2024 08:00,1721116801,0.715
07/16/2024 09:00,1721120401,0.715
07/16/2024 10:00,1721124001,0.715
07/16/2024 11:00,1721127601,0.715
07/16/2024 12:00,1721131201,0.715
07/16/2024 13:00,1721134801,0.715
07/16/2024 14:00,1721138401,0.715
07/16/2024 15:00,1721142001,0.715
07/16/2024 16:00,1721145601,0.715
07/16/2024 17:00,1721149201,0.705
07/16/2024 18:00,1721152801,0.705
07/16/2024 19:00,1721156401,0.705
07/16/2024 20:00,1721160001,0.705
07/16/2024 21:00,1721163601,0.705
07/16/2024 22:00,1721167201,0.705
07/16/2024 23:00,1721170801,0.695
07/17/2024 00:00,1721174401,0.685
07/17/2024 01:00,1721178001,0.685
07/17/2024 02:00,1721181601,0.685
07/17/2024 03:00,1721185201,0.685
07/17/2024 04:00,1721188801,0.685
07/17/2024 05:00,1721192401,0.685
07/17/2024 06:00,1721196001,0.685
07/17/2024 07:00,1721199601,0.69
07/17/2024 08:00,1721203202,0.695
07/17/2024 09:00,1721206802,0.695
07/17/2024 10:00,1721210401,0.695
07/17/2024 11:00,1721214001,0.695
07/17/2024 12:00,1721217602,0.695
07/17/2024 13:00,1721221202,0.695
07/17/2024 14:00,1721224802,0.695
07/17/2024 15:00,1721228402,0.695
07/17/2024 16:00,1721232002,0.695
07/17/2024 17:00,1721235601,0.695
07/17/2024 18:00,1721239202,0.685
07/17/2024 19:00,1721242801,0.675
07/17/2024 20:00,1721246402,0.675
07/17/2024 21:00,1721250001,0.685
07/17/2024 22:00,1721253602,0.685
07/17/2024 23:00,1721257202,0.685
07/18/2024 00:00,1721260802,0.675
07/18/2024 01:00,1721264402,0.645
07/18/2024 02:00,1721268002,0.645
07/18/2024 03:00,1721271601,0.65
07/18/2024 04:00,1721275201,0.645
07/18/2024 05:00,1721278801,0.64
07/18/2024 06:00,1721282402,0.645
07/18/2024 07:00,1721286001,0.645
07/18/2024 08:00,1721289602,0.635
07/18/2024 09:00,1721293201,0.645
07/18/2024 10:00,1721296802,0.645
07/18/2024 11:00,1721300401,0.645
07/18/2024 12:00,1721304002,0.645
07/18/2024 13:00,1721307601,0.645
07/18/2024 14:00,1721311201,0.645
07/18/2024 15:00,1721314801,0.655
07/18/2024 16:00,1721318401,0.65
07/18/2024 17:00,1721322002,0.655
07/18/2024 18:00,1721325602,0.655
07/18/2024 19:00,1721329201,0.655
07/18/2024 20:00,1721332802,0.65
07/18/2024 21:00,1721336401,0.635
07/18/2024 22:00,1721340001,0.62
07/18/2024 23:00,1721343601,0.605
07/19/2024 00:00,1721347201,0.615
07/19/2024 01:00,1721350801,0.615
07/19/2024 02:00,1721354401,0.625
07/19/2024 03:00,1721358001,0.625
07/19/2024 04:00,1721361601,0.625
07/19/2024 05:00,1721365201,0.625
07/19/2024 06:00,1721368801,0.615
07/19/2024 07:00,1721372401,0.615
07/19/2024 08:00,1721376002,0.625
07/19/2024 09:00,1721379601,0.615
07/19/2024 10:00,1721383201,0.625
07/19/2024 11:00,1721386801,0.635
07/19/2024 12:00,1721390401,0.625
07/19/2024 13:00,1721394001,0.625
07/19/2024 14:00,1721397601,0.625
07/19/2024 15:00,1721401201,0.625
07/19/2024 16:00,1721404801,0.615
07/19/2024 17:00,1721408401,0.615
07/19/2024 18:00,1721412001,0.635
07/19/2024 19:00,1721415601,0.65
07/19/2024 20:00,1721419201,0.655
07/19/2024 21:00,1721422801,0.655
07/19/2024 22:00,1721426401,0.655
07/19/2024 23:00,1721430001,0.655
07/20/2024 00:00,1721433601,0.645
07/20/2024 01:00,1721437201,0.645
07/20/2024 02:00,1721440801,0.635
07/20/2024 03:00,1721444401,0.635
07/20/2024 04:00,1721448001,0.645
07/20/2024 05:00,1721451601,0.635
07/20/2024 06:00,1721455201,0.635
07/20/2024 07:00,1721458801,0.64
07/20/2024 08:00,1721462401,0.645
07/20/2024 09:00,1721466001,0.635
07/20/2024 10:00,1721469601,0.635
07/20/2024 11:00,1721473201,0.635
07/20/2024 12:00,1721476801,0.635
07/20/2024 13:00,1721480401,0.635
07/20/2024 14:00,1721484001,0.635
07/20/2024 15:00,1721487601,0.635
07/20/2024 16:00,1721491201,0.635
07/20/2024 17:00,1721494801,0.635
07/20/2024 18:00,1721498401,0.635
07/20/2024 19:00,1721502001,0.635
07/20/2024 20:00,1721505601,0.635
07/20/2024 21:00,1721509201,0.635
07/20/2024 22:00,1721512801,0.635
07/20/2024 23:00,1721516401,0.645
07/21/2024 00:00,1721520001,0.64
07/21/2024 01:00,1721523601,0.645
07/21/2024 02:00,1721527201,0.635
07/21/2024 03:00,1721530801,0.645
07/21/2024 04:00,1721534401,0.645
07/21/2024 05:00,1721538001,0.645
07/21/2024 06:00,1721541601,0.645
07/21/2024 07:00,1721545201,0.645
07/21/2024 08:00,1721548801,0.655
07/21/2024 09:00,1721552401,0.655
07/21/2024 10:00,1721556001,0.655
07/21/2024 11:00,1721559601,0.655
07/21/2024 12:00,1721563201,0.655
07/21/2024 13:00,1721566801,0.665
07/21/2024 14:00,1721570401,0.665
07/21/2024 15:00,1721574001,0.665
07/21/2024 16:00,1721577601,0.665
07/21/2024 17:00,1721581201,0.665
07/21/2024 19:00,1721588401,0.645
07/21/2024 20:00,1721592001,0.635
07/21/2024 21:00,1721595601,0.64
07/21/2024 22:00,1721599201,0.625
07/21/2024 23:00,1721602801,0.625
07/22/2024 00:00,1721606401,0.63
07/22/2024 01:00,1721610001,0.635
07/22/2024 02:00,1721613601,0.635
07/22/2024 03:00,1721617201,0.645
07/22/2024 04:00,1721620802,0.635
07/22/2024 05:00,1721624401,0.635
07/22/2024 06:00,1721628001,0.635
07/22/2024 07:00,1721631601,0.635
07/22/2024 08:00,1721635201,0.635
07/22/2024 09:00,1721638801,0.635
07/22/2024 10:00,1721642401,0.635
07/22/2024 11:00,1721646001,0.635
07/22/2024 12:00,1721649602,0.645
07/22/2024 13:00,1721653201,0.645
07/22/2024 14:00,1721656801,0.645
07/22/2024 15:00,1721660401,0.645
07/22/2024 16:00,1721664001,0.645
07/22/2024 17:00,1721667601,0.645
07/22/2024 18:00,1721671202,0.645
07/22/2024 19:00,1721674801,0.635
07/22/2024 20:00,1721678401,0.625
07/22/2024 21:00,1721682001,0.625
07/22/2024 22:00,1721685601,0.635
07/22/2024 23:00,1721689201,0.625
07/23/2024 00:00,1721692801,0.625
07/23/2024 01:00,1721696401,0.635
07/23/2024 02:00,1721700001,0.635
07/23/2024 03:00,1721703601,0.635
07/23/2024 04:00,1721707202,0.635
07/23/2024 05:00,1721710801,0.635
07/23/2024 06:00,1721714401,0.635
07/23/2024 07:00,1721718001,0.635
07/23/2024 08:00,1721721601,0.635
07/23/2024 09:00,1721725202,0.645
07/23/2024 10:00,1721728801,0.645
07/23/2024 11:00,1721732401,0.645
07/23/2024 12:00,1721736001,0.645
07/23/2024 13:00,1721739601,0.645
07/23/2024 14:00,1721743201,0.645
07/23/2024 15:00,1721746801,0.635
07/23/2024 16:00,1721750402,0.635
07/23/2024 17:00,1721754002,0.635
07/23/2024 18:00,1721757601,0.635
07/23/2024 19:00,1721761202,0.625
07/23/2024 20:00,1721764802,0.625
07/23/2024 21:00,1721768402,0.625
07/23/2024 22:00,1721772001,0.615
07/23/2024 23:00,1721775601,0.605
07/24/2024 00:00,1721779201,0.605
07/24/2024 01:00,1721782801,0.595
07/24/2024 02:00,1721786401,0.595
07/24/2024 03:00,1721790001,0.595
07/24/2024 04:00,1721793601,0.605
07/24/2024 05:00,1721797201,0.605
07/24/2024 06:00,1721800802,0.605
07/24/2024 07:00,1721804401,0.605
07/24/2024 08:00,1721808001,0.605
07/24/2024 09:00,1721811601,0.605
07/24/2024 10:00,1721815201,0.605
07/24/2024 11:00,1721818801,0.615
07/24/2024 12:00,1721822402,0.615
07/24/2024 13:00,1721826001,0.615
07/24/2024 14:00,1721829602,0.615
07/24/2024 15:00,1721833201,0.625
07/24/2024 16:00,1721836801,0.625
07/24/2024 17:00,1721840401,0.625
07/24/2024 18:00,1721844001,0.625
07/24/2024 19:00,1721847601,0.63
07/24/2024 20:00,1721851202,0.625
07/24/2024 21:00,1721854801,0.625
07/24/2024 22:00,1721858402,0.625
07/24/2024 23:00,1721862001,0.625
07/25/2024 00:00,1721865601,0.625
07/25/2024 01:00,1721869201,0.625
07/25/2024 02:00,1721872802,0.625
07/25/2024 03:00,1721876402,0.625
07/25/2024 04:00,1721880002,0.625
07/25/2024 05:00,1721883602,0.625
07/25/2024 06:00,1721887201,0.615
07/25/2024 07:00,1721890801,0.615
07/25/2024 08:00,1721894401,0.615
07/25/2024 09:00,1721898002,0.615
07/25/2024 10:00,1721901601,0.615
07/25/2024 11:00,1721905201,0.615
07/25/2024 12:00,1721908802,0.615
07/25/2024 13:00,1721912401,0.615
07/25/2024 14:00,1721916001,0.615
07/25/2024 15:00,1721919601,0.615
07/25/2024 16:00,1721923202,0.615
07/25/2024 17:00,1721926801,0.615
07/25/2024 18:00,1721930402,0.615
07/25/2024 19:00,1721934001,0.615
07/25/2024 20:00,1721937601,0.615
07/25/2024 21:00,1721941202,0.615
07/25/2024 22:00,1721944802,0.615
07/25/2024 23:00,1721948402,0.615
07/26/2024 00:00,1721952002,0.615
07/26/2024 01:00,1721955601,0.615
07/26/2024 02:00,1721959201,0.615
07/26/2024 03:00,1721962801,0.615
07/26/2024 04:00,1721966401,0.605
07/26/2024 05:00,1721970001,0.605
07/26/2024 06:00,1721973601,0.6
07/26/2024 07:00,1721977201,0.6
07/26/2024 08:00,1721980801,0.595
07/26/2024 09:00,1721984401,0.595
07/26/2024 10:00,1721988001,0.595
07/26/2024 11:00,1721991601,0.595
07/26/2024 12:00,1721995201,0.595
07/26/2024 13:00,1721998801,0.595
07/26/2024 14:00,1722002402,0.595
07/26/2024 15:00,1722006001,0.595
07/26/2024 16:00,1722009601,0.595
07/26/2024 17:00,1722013201,0.595
07/26/2024 18:00,1722016802,0.595
07/26/2024 19:00,1722020402,0.595
07/26/2024 20:00,1722024002,0.595
07/26/2024 21:00,1722027602,0.595
07/26/2024 22:00,1722031202,0.595
07/26/2024 23:00,1722034802,0.585
07/27/2024 00:00,1722038402,0.585
07/27/2024 01:00,1722042002,0.585
07/27/2024 02:00,1722045602,0.585
07/27/2024 03:00,1722049202,0.585
07/27/2024 04:00,1722052802,0.585
07/27/2024 05:00,1722056402,0.585
07/27/2024 06:00,1722060002,0.585
07/27/2024 07:00,1722063602,0.585
07/27/2024 08:00,1722067202,0.585
07/27/2024 09:00,1722070802,0.585
07/27/2024 10:00,1722074402,0.585
07/27/2024 11:00,1722078002,0.585
07/27/2024 12:00,1722081601,0.585
07/27/2024 13:00,1722085202,0.585
07/27/2024 14:00,1722088802,0.585
07/27/2024 15:00,1722092401,0.585
07/27/2024 16:00,1722096002,0.575
07/27/2024 17:00,1722099602,0.585
07/27/2024 18:00,1722103202,0.575
07/27/2024 19:00,1722106802,0.575
07/27/2024 20:00,1722110402,0.575
07/27/2024 21:00,1722114002,0.58
07/27/2024 22:00,1722117602,0.585
07/27/2024 23:00,1722121202,0.585
07/28/2024 00:00,1722124802,0.575
07/28/2024 01:00,1722128401,0.575
07/28/2024 02:00,1722132002,0.575
07/28/2024 03:00,1722135601,0.575
07/28/2024 04:00,1722139202,0.575
07/28/2024 05:00,1722142802,0.575
07/28/2024 06:00,1722146402,0.575
07/28/2024 07:00,1722150002,0.575
07/28/2024 08:00,1722153602,0.575
07/28/2024 09:00,1722157201,0.575
07/28/2024 10:00,1722160802,0.575
07/28/2024 11:00,1722164402,0.575
07/28/2024 12:00,1722168002,0.575
07/28/2024 13:00,1722171602,0.575
07/28/2024 14:00,1722175202,0.575
07/28/2024 15:00,1722178802,0.575
07/28/2024 16:00,1722182402,0.575
07/28/2024 17:00,1722186002,0.585
07/28/2024 18:00,1722189602,0.585
07/28/2024 19:00,1722193202,0.585
07/28/2024 20:00,1722196802,0.585
07/28/2024 21:00,1722200402,0.585
07/28/2024 22:00,1722204002,0.585
07/28/2024 23:00,1722207602,0.585
07/29/2024 00:00,1722211202,0.585
07/29/2024 01:00,1722214801,0.585
07/29/2024 02:00,1722218402,0.585
07/29/2024 03:00,1722222002,0.595
07/29/2024 04:00,1722225603,0.595
07/29/2024 05:00,1722229202,0.595
07/29/2024 06:00,1722232802,0.595
07/29/2024 07:00,1722236402,0.595
07/29/2024 08:00,1722240002,0.595
07/29/2024 09:00,1722243602,0.595
07/29/2024 10:00,1722247202,0.595
07/29/2024 11:00,1722250802,0.595
07/29/2024 12:00,1722254402,0.595
07/29/2024 13:00,1722258002,0.595
07/29/2024 14:00,1722261602,0.605
07/29/2024 15:00,1722265202,0.605
07/29/2024 16:00,1722268801,0.605
07/29/2024 17:00,1722272402,0.605
07/29/2024 18:00,1722276002,0.6
07/29/2024 19:00,1722279602,0.6
07/29/2024 20:00,1722283202,0.6
07/29/2024 21:00,1722286802,0.595
07/29/2024 22:00,1722290402,0.6
07/29/2024 23:00,1722294002,0.595
07/30/2024 00:00,1722297601,0.595
07/30/2024 01:00,1722301202,0.595
07/30/2024 02:00,1722304801,0.595
07/30/2024 03:00,1722308401,0.595
07/30/2024 04:00,1722312001,0.595
07/30/2024 05:00,1722315601,0.585
07/30/2024 06:00,1722319201,0.585
07/30/2024 07:00,1722322801,0.575
07/30/2024 08:00,1722326402,0.585
07/30/2024 09:00,1722330001,0.575
07/30/2024 10:00,1722333602,0.575
07/30/2024 11:00,1722337202,0.585
07/30/2024 12:00,1722340802,0.585
07/30/2024 13:00,1722344402,0.585
07/30/2024 14:00,1722348002,0.585
07/30/2024 15:00,1722351602,0.585
07/30/2024 16:00,1722355202,0.585
07/30/2024 17:00,1722358802,0.585
07/30/2024 18:00,1722362402,0.585
07/30/2024 19:00,1722366002,0.585
07/30/2024 20:00,1722369602,0.585
07/30/2024 21:00,1722373202,0.585
07/30/2024 22:00,1722376802,0.585
07/30/2024 23:00,1722380402,0.585
07/31/2024 00:00,1722384002,0.585
07/31/2024 01:00,1722387601,0.585
07/31/2024 02:00,1722391202,0.585
07/31/2024 03:00,1722394801,0.585
07/31/2024 04:00,1722398401,0.585
07/31/2024 05:00,1722402001,0.585
07/31/2024 06:00,1722405601,0.585
07/31/2024 07:00,1722409201,0.585
07/31/2024 08:00,1722412802,0.585
07/31/2024 09:00,1722416402,0.585
07/31/2024 10:00,1722420002,0.585
07/31/2024 11:00,1722423602,0.595
07/31/2024 12:00,1722427202,0.595
07/31/2024 13:00,1722430801,0.595
07/31/2024 14:00,1722434402,0.595
07/31/2024 15:00,1722438002,0.595
07/31/2024 16:00,1722441601,0.595
07/31/2024 17:00,1722445202,0.585
07/31/2024 18:00,1722448802,0.58
07/31/2024 19:00,1722452401,0.575
07/31/2024 20:00,1722456002,0.575
07/31/2024 21:00,1722459602,0.575
07/31/2024 22:00,1722463202,0.565
07/31/2024 23:00,1722466802,0.565
08/01/2024 00:00,1722470402,0.555
08/01/2024 01:00,1722474002,0.535
08/01/2024 02:00,1722477602,0.535
08/01/2024 03:00,1722481202,0.545
08/01/2024 04:00,1722484801,0.545
08/01/2024 05:00,1722488401,0.545
08/01/2024 06:00,1722492002,0.545
08/01/2024 07:00,1722495601,0.545
08/01/2024 08:00,1722499202,0.545
08/01/2024 09:00,1722502802,0.545
08/01/2024 10:00,1722506402,0.545
08/01/2024 11:00,1722510001,0.545
08/01/2024 12:00,1722513602,0.545
08/01/2024 13:00,1722517202,0.545
08/01/2024 14:00,1722520801,0.545
08/01/2024 15:00,1722524402,0.545
08/01/2024 16:00,1722528002,0.535
08/01/2024 17:00,1722531602,0.535
08/01/2024 18:00,1722535202,0.53
08/01/2024 19:00,1722538801,0.525
08/01/2024 20:00,1722542402,0.525
08/01/2024 21:00,1722546001,0.535
08/01/2024 22:00,1722549601,0.535
08/01/2024 23:00,1722553201,0.535
08/02/2024 00:00,1722556801,0.535
08/02/2024 01:00,1722560401,0.535
08/02/2024 02:00,1722564001,0.535
08/02/2024 03:00,1722567602,0.535
08/02/2024 04:00,1722571202,0.535
08/02/2024 05:00,1722574802,0.535
08/02/2024 06:00,1722578401,0.535
08/02/2024 07:00,1722582001,0.535
08/02/2024 08:00,1722585601,0.535
08/02/2024 09:00,1722589201,0.535
08/02/2024 10:00,1722592802,0.535
08/02/2024 11:00,1722596401,0.535
08/02/2024 12:00,1722600002,0.535
08/02/2024 13:00,1722603601,0.535
08/02/2024 14:00,1722607202,0.535
08/02/2024 15:00,1722610802,0.535
08/02/2024 16:00,1722614402,0.525
08/02/2024 17:00,1722618001,0.535
08/02/2024 18:00,1722621602,0.535
08/02/2024 19:00,1722625202,0.535
08/02/2024 20:00,1722628802,0.535
08/02/2024 21:00,1722632402,0.535
08/02/2024 22:00,1722636002,0.535
08/02/2024 23:00,1722639601,0.535
08/03/2024 00:00,1722643202,0.525
08/03/2024 01:00,1722646801,0.525
08/03/2024 02:00,1722650402,0.525
08/03/2024 03:00,1722654002,0.525
08/03/2024 04:00,1722657601,0.525
08/03/2024 05:00,1722661202,0.525
08/03/2024 06:00,1722664801,0.525
08/03/2024 07:00,1722668401,0.525
08/03/2024 08:00,1722672001,0.525
08/03/2024 09:00,1722675602,0.525
08/03/2024 10:00,1722679202,0.525
08/03/2024 11:00,1722682801,0.525
08/03/2024 12:00,1722686402,0.525
08/03/2024 13:00,1722690001,0.525
08/03/2024 14:00,1722693602,0.525
08/03/2024 15:00,1722697202,0.525
08/03/2024 16:00,1722700802,0.535
08/03/2024 17:00,1722704402,0.535
08/03/2024 18:00,1722708001,0.535
08/03/2024 19:00,1722711601,0.535
08/03/2024 20:00,1722715202,0.535
08/03/2024 21:00,1722718801,0.545
08/03/2024 22:00,1722722401,0.545
08/03/2024 23:00,1722726001,0.545
08/04/2024 00:00,1722729601,0.545
08/04/2024 01:00,1722733201,0.545
08/04/2024 02:00,1722736802,0.545
08/04/2024 03:00,1722740401,0.545
08/04/2024 04:00,1722744001,0.545
08/04/2024 05:00,1722747601,0.545
08/04/2024 06:00,1722751201,0.545
08/04/2024 07:00,1722754801,0.545
08/04/2024 08:00,1722758401,0.545
08/04/2024 09:00,1722762001,0.545
08/04/2024 10:00,1722765601,0.545
08/04/2024 11:00,1722769201,0.545
08/04/2024 12:00,1722772802,0.545
08/04/2024 13:00,1722776402,0.545
08/04/2024 14:00,1722780002,0.545
08/04/2024 15:00,1722783602,0.545
08/04/2024 16:00,1722787201,0.545
08/04/2024 17:00,1722790801,0.545
08/04/2024 18:00,1722794402,0.515
08/04/2024 19:00,1722798001,0.515
08/04/2024 20:00,1722801601,0.515
08/04/2024 21:00,1722805202,0.515
08/04/2024 22:00,1722808802,0.515
08/04/2024 23:00,1722812401,0.515
08/05/2024 00:00,1722816001,0.515
08/05/2024 01:00,1722819601,0.515
08/05/2024 02:00,1722823202,0.515
08/05/2024 03:00,1722826801,0.505
08/05/2024 04:00,1722830402,0.525
08/05/2024 05:00,1722834001,0.525
08/05/2024 06:00,1722837602,0.535
08/05/2024 07:00,1722841201,0.535
08/05/2024 08:00,1722844801,0.535
08/05/2024 09:00,1722848401,0.535
08/05/2024 10:00,1722852001,0.525
08/05/2024 11:00,1722855602,0.525
08/05/2024 12:00,1722859202,0.525
08/05/2024 13:00,1722862801,0.525
08/05/2024 14:00,1722866402,0.545
08/05/2024 15:00,1722870001,0.545
08/05/2024 16:00,1722873602,0.545
08/05/2024 17:00,1722877201,0.535
08/05/2024 18:00,1722880802,0.535
08/05/2024 19:00,1722884401,0.535
08/05/2024 20:00,1722888001,0.535
08/05/2024 21:00,1722891601,0.535
08/05/2024 22:00,1722895201,0.535
08/05/2024 23:00,1722898801,0.535
08/06/2024 00:00,1722902401,0.535
08/06/2024 01:00,1722906001,0.535
08/06/2024 02:00,1722909601,0.535
08/06/2024 03:00,1722913202,0.535
08/06/2024 04:00,1722916801,0.535
08/06/2024 05:00,1722920401,0.535
08/06/2024 06:00,1722924002,0.535
08/06/2024 07:00,1722927601,0.535
08/06/2024 08:00,1722931201,0.535
08/06/2024 09:00,1722934802,0.525
08/06/2024 10:00,1722938401,0.525
08/06/2024 11:00,1722942001,0.52
08/06/2024 12:00,1722945602,0.52
08/06/2024 13:00,1722949201,0.525
08/06/2024 14:00,1722952801,0.525
08/06/2024 15:00,1722956401,0.525
08/06/2024 16:00,1722960002,0.515
08/06/2024 17:00,1722963602,0.525
08/06/2024 18:00,1722967202,0.525
08/06/2024 19:00,1722970802,0.52
08/06/2024 20:00,1722974402,0.52
08/06/2024 21:00,1722978002,0.515
08/06/2024 22:00,1722981601,0.515
08/06/2024 23:00,1722985202,0.515
08/07/2024 00:00,1722988801,0.515
08/07/2024 01:00,1722992401,0.515
08/07/2024 02:00,1722996001,0.515
08/07/2024 03:00,1722999601,0.515
08/07/2024 04:00,1723003201,0.515
08/07/2024 05:00,1723006801,0.515
08/07/2024 06:00,1723010401,0.515
08/07/2024 07:00,1723014001,0.515
08/07/2024 08:00,1723017601,0.515
08/07/2024 09:00,1723021201,0.515
08/07/2024 10:00,1723024802,0.515
08/07/2024 11:00,1723028401,0.515
08/07/2024 12:00,1723032001,0.515
08/07/2024 13:00,1723035601,0.515
08/07/2024 14:00,1723039202,0.515
08/07/2024 15:00,1723042802,0.505
08/07/2024 16:00,1723046402,0.505
08/07/2024 17:00,1723050002,0.505
08/07/2024 18:00,1723053601,0.505
08/07/2024 19:00,1723057201,0.505
08/07/2024 20:00,1723060801,0.505
08/07/2024 21:00,1723064401,0.505
08/07/2024 22:00,1723068002,0.505
08/07/2024 23:00,1723071602,0.495
08/08/2024 00:00,1723075201,0.485
08/08/2024 01:00,1723078801,0.485
08/08/2024 02:00,1723082401,0.495
08/08/2024 03:00,1723086001,0.495
08/08/2024 04:00,1723089601,0.49
08/08/2024 05:00,1723093201,0.485
08/08/2024 06:00,1723096801,0.485
08/08/2024 07:00,1723100402,0.485
08/08/2024 08:00,1723104002,0.485
08/08/2024 09:00,1723107601,0.485
08/08/2024 10:00,1723111201,0.485
08/08/2024 11:00,1723114801,0.485
08/08/2024 12:00,1723118401,0.485
08/08/2024 13:00,1723122001,0.485
08/08/2024 14:00,1723125601,0.495
08/08/2024 15:00,1723129202,0.495
08/08/2024 16:00,1723132802,0.495
08/08/2024 17:00,1723136401,0.495
08/08/2024 18:00,1723140002,0.495
08/08/2024 19:00,1723143602,0.492
08/08/2024 20:00,1723147202,0.492
08/08/2024 21:00,1723150801,0.4935
08/08/2024 22:00,1723154401,0.492
08/08/2024 23:00,1723158001,0.4915
08/09/2024 00:00,1723161602,0.4915
08/09/2024 01:00,1723165202,0.4915
08/09/2024 02:00,1723168801,0.4865
08/09/2024 03:00,1723172401,0.4865
08/09/2024 04:00,1723176002,0.4865
08/09/2024 05:00,1723179601,0.486
08/09/2024 06:00,1723183202,0.4845
08/09/2024 07:00,1723186801,0.4845
08/09/2024 08:00,1723190402,0.4845
08/09/2024 09:00,1723194001,0.4845
08/09/2024 10:00,1723197601,0.4845
08/09/2024 11:00,1723201201,0.4855
08/09/2024 12:00,1723204801,0.4855
08/09/2024 13:00,1723208401,0.4865
08/09/2024 14:00,1723212002,0.4865
08/09/2024 15:00,1723215601,0.4875
08/09/2024 16:00,1723219201,0.486
08/09/2024 17:00,1723222801,0.487
08/09/2024 18:00,1723226401,0.487
08/09/2024 19:00,1723230002,0.4865
08/09/2024 20:00,1723233602,0.486
08/09/2024 21:00,1723237201,0.4775
08/09/2024 22:00,1723240802,0.475
08/09/2024 23:00,1723244402,0.474
08/10/2024 00:00,1723248002,0.476
08/10/2024 01:00,1723251601,0.476
08/10/2024 02:00,1723255202,0.476
08/10/2024 03:00,1723258802,0.475
08/10/2024 04:00,1723262402,0.4745
08/10/2024 05:00,1723266002,0.476
08/10/2024 06:00,1723269601,0.4765
08/10/2024 07:00,1723273202,0.477
08/10/2024 08:00,1723276802,0.4765
08/10/2024 09:00,1723280401,0.4765
08/10/2024 10:00,1723284002,0.4765
08/10/2024 11:00,1723287602,0.476
08/10/2024 12:00,1723291202,0.4715
08/10/2024 13:00,1723294802,0.4655
08/10/2024 14:00,1723298402,0.4645
08/10/2024 15:00,1723302002,0.4615
08/10/2024 16:00,1723305601,0.4555
08/10/2024 17:00,1723309202,0.4575
08/10/2024 18:00,1723312802,0.456
08/10/2024 19:00,1723316401,0.4545
08/10/2024 20:00,1723320001,0.4505
08/10/2024 21:00,1723323601,0.452
08/10/2024 22:00,1723327202,0.449
08/10/2024 23:00,1723330802,0.453
08/11/2024 00:00,1723334401,0.453
08/11/2024 01:00,1723338001,0.452
08/11/2024 02:00,1723341602,0.4485
08/11/2024 03:00,1723345201,0.456
08/11/2024 04:00,1723348801,0.455
08/11/2024 05:00,1723352402,0.4545
08/11/2024 06:00,1723356001,0.4535
08/11/2024 07:00,1723359602,0.453
08/11/2024 08:00,1723363202,0.4535
08/11/2024 09:00,1723366801,0.4545
08/11/2024 10:00,1723370402,0.4555
08/11/2024 11:00,1723374001,0.4555
08/11/2024 12:00,1723377602,0.4565
08/11/2024 13:00,1723381202,0.4565
08/11/2024 14:00,1723384801,0.4565
08/11/2024 15:00,1723388402,0.4565
08/11/2024 16:00,1723392001,0.457
08/11/2024 17:00,1723395601,0.4575
08/11/2024 18:00,1723399202,0.4575
08/11/2024 19:00,1723402801,0.4575
08/11/2024 20:00,1723406401,0.4575
08/11/2024 21:00,1723410002,0.4565
08/11/2024 22:00,1723413602,0.4575
08/11/2024 23:00,1723417202,0.457
08/12/2024 00:00,1723420801,0.4555
08/12/2024 01:00,1723424401,0.456
08/12/2024 02:00,1723428001,0.457
08/12/2024 03:00,1723431602,0.456
08/12/2024 04:00,1723435201,0.456
08/12/2024 05:00,1723438802,0.4515
08/12/2024 06:00,1723442402,0.45
08/12/2024 07:00,1723446002,0.4525
08/12/2024 08:00,1723449602,0.4525
08/12/2024 09:00,1723453201,0.4525
08/12/2024 10:00,1723456802,0.4535
08/12/2024 11:00,1723460401,0.4525
08/12/2024 12:00,1723464001,0.4545
08/12/2024 13:00,1723467602,0.455
08/12/2024 14:00,1723471201,0.4555
08/12/2024 15:00,1723474802,0.455
08/12/2024 16:00,1723478402,0.4555
08/12/2024 17:00,1723482001,0.4555
08/12/2024 18:00,1723485602,0.456
08/12/2024 19:00,1723489202,0.457
08/12/2024 20:00,1723492801,0.455
08/12/2024 21:00,1723496402,0.4565
08/12/2024 22:00,1723500002,0.456
08/12/2024 23:00,1723503602,0.457
08/13/2024 00:00,1723507202,0.4585
08/13/2024 01:00,1723510801,0.456
08/13/2024 02:00,1723514402,0.4565
08/13/2024 03:00,1723518002,0.4575
08/13/2024 04:00,1723521602,0.4565
08/13/2024 05:00,1723525202,0.457
08/13/2024 06:00,1723528802,0.4575
08/13/2024 07:00,1723532402,0.4565
08/13/2024 08:00,1723536001,0.457
08/13/2024 09:00,1723539602,0.4575
08/13/2024 10:00,1723543201,0.457
08/13/2024 11:00,1723546801,0.457
08/13/2024 12:00,1723550402,0.455
08/13/2024 13:00,1723554002,0.455
08/13/2024 14:00,1723557602,0.455
08/13/2024 15:00,1723561201,0.4545
08/13/2024 16:00,1723564802,0.4535
08/13/2024 17:00,1723568401,0.453
08/13/2024 18:00,1723572002,0.4545
08/13/2024 19:00,1723575602,0.457
08/13/2024 20:00,1723579203,0.4555
08/13/2024 21:00,1723582802,0.4565
08/13/2024 22:00,1723586402,0.4575
08/13/2024 23:00,1723590002,0.456
08/14/2024 00:00,1723593602,0.4555
08/14/2024 01:00,1723597202,0.4545
08/14/2024 02:00,1723600802,0.4545
08/14/2024 03:00,1723604402,0.4545
08/14/2024 04:00,1723608001,0.4545
08/14/2024 05:00,1723611602,0.455
08/14/2024 06:00,1723615202,0.4555
08/14/2024 07:00,1723618802,0.455
08/14/2024 08:00,1723622402,0.455
08/14/2024 09:00,1723626002,0.4555
08/14/2024 10:00,1723629602,0.4555
08/14/2024 11:00,1723633202,0.456
08/14/2024 12:00,1723636802,0.454
08/14/2024 13:00,1723640402,0.4545
08/14/2024 14:00,1723644002,0.454
08/14/2024 15:00,1723647601,0.453
08/14/2024 16:00,1723651202,0.45
08/14/2024 17:00,1723654802,0.449
08/14/2024 18:00,1723658401,0.4505
08/14/2024 19:00,1723662001,0.4495
08/14/2024 20:00,1723665601,0.4475
08/14/2024 21:00,1723669202,0.4485
08/14/2024 22:00,1723672802,0.448
08/14/2024 23:00,1723676401,0.447
08/15/2024 00:00,1723680002,0.447
08/15/2024 01:00,1723683601,0.447
08/15/2024 02:00,1723687202,0.447
08/15/2024 03:00,1723690801,0.4475
08/15/2024 04:00,1723694402,0.4475
08/15/2024 05:00,1723698001,0.447
08/15/2024 06:00,1723701601,0.447
08/15/2024 07:00,1723705202,0.4465
08/15/2024 08:00,1723708802,0.4475
08/15/2024 09:00,1723712401,0.4465
08/15/2024 10:00,1723716001,0.4475
08/15/2024 11:00,1723719602,0.4465
08/15/2024 12:00,1723723201,0.4465
08/15/2024 13:00,1723726802,0.4435
08/15/2024 14:00,1723730401,0.4445
08/15/2024 15:00,1723734002,0.4435
08/15/2024 16:00,1723737601,0.443
08/15/2024 17:00,1723741201,0.442
08/15/2024 18:00,1723744802,0.4415
08/15/2024 19:00,1723748402,0.442
08/15/2024 20:00,1723752001,0.4435
08/15/2024 21:00,1723755601,0.4435
08/15/2024 22:00,1723759201,0.4435
08/15/2024 23:00,1723762802,0.4425
08/16/2024 00:00,1723766402,0.443
08/16/2024 01:00,1723770001,0.442
08/16/2024 02:00,1723773601,0.442
08/16/2024 03:00,1723777201,0.4415
08/16/2024 04:00,1723780801,0.442
08/16/2024 05:00,1723784402,0.4415
08/16/2024 06:00,1723788002,0.4405
08/16/2024 07:00,1723791602,0.4405
08/16/2024 08:00,1723795201,0.4405
08/16/2024 09:00,1723798802,0.4405
08/16/2024 10:00,1723802402,0.4415
08/16/2024 11:00,1723806002,0.4415
08/16/2024 12:00,1723809602,0.4415
08/16/2024 13:00,1723813201,0.4415
08/16/2024 14:00,1723816801,0.4415
08/16/2024 15:00,1723820402,0.441
08/16/2024 16:00,1723824001,0.4405
08/16/2024 17:00,1723827602,0.441
08/16/2024 18:00,1723831201,0.4425
08/16/2024 19:00,1723834802,0.4465
08/16/2024 20:00,1723838402,0.449
08/16/2024 21:00,1723842002,0.4495
08/16/2024 22:00,1723845602,0.4495
08/16/2024 23:00,1723849201,0.4525
08/17/2024 00:00,1723852802,0.4545
08/17/2024 01:00,1723856402,0.4555
08/17/2024 02:00,1723860002,0.456
08/17/2024 03:00,1723863602,0.457
08/17/2024 04:00,1723867202,0.457
08/17/2024 05:00,1723870802,0.4575
08/17/2024 06:00,1723874402,0.4585
08/17/2024 07:00,1723878002,0.4585
08/17/2024 08:00,1723881602,0.4685
08/17/2024 09:00,1723885202,0.472
08/17/2024 10:00,1723888802,0.481
08/17/2024 11:00,1723892402,0.485
08/17/2024 12:00,1723896002,0.4795
08/17/2024 13:00,1723899602,0.4705
08/17/2024 14:00,1723903201,0.4685
08/17/2024 15:00,1723906802,0.474
08/17/2024 16:00,1723910402,0.4745
08/17/2024 17:00,1723914001,0.479
08/17/2024 18:00,1723917602,0.4805
08/17/2024 19:00,1723921202,0.48
08/17/2024 20:00,1723924802,0.48
08/17/2024 21:00,1723928402,0.4795
08/17/2024 22:00,1723932001,0.48
08/17/2024 23:00,1723935602,0.483
08/18/2024 00:00,1723939202,0.4865
08/18/2024 01:00,1723942802,0.4905
08/18/2024 02:00,1723946402,0.49
08/18/2024 03:00,1723950002,0.487
08/18/2024 04:00,1723953601,0.487
08/18/2024 05:00,1723957202,0.4865
08/18/2024 06:00,1723960802,0.4865
08/18/2024 07:00,1723964401,0.4865
08/18/2024 08:00,1723968002,0.4865
08/18/2024 09:00,1723971602,0.489
08/18/2024 10:00,1723975202,0.4875
08/18/2024 11:00,1723978802,0.4855
08/18/2024 12:00,1723982402,0.4855
08/18/2024 13:00,1723986002,0.4845
08/18/2024 14:00,1723989602,0.4895
08/18/2024 15:00,1723993202,0.489
08/18/2024 16:00,1723996802,0.489
08/18/2024 17:00,1724000402,0.4865
08/18/2024 18:00,1724004002,0.4875
08/18/2024 19:00,1724007602,0.4865
08/18/2024 20:00,1724011202,0.4855
08/18/2024 21:00,1724014802,0.4845
08/18/2024 22:00,1724018402,0.4835
08/18/2024 23:00,1724022002,0.4825
08/19/2024 00:00,1724025602,0.4835
08/19/2024 01:00,1724029202,0.487
08/19/2024 02:00,1724032802,0.4835
08/19/2024 03:00,1724036402,0.477
08/19/2024 04:00,1724040002,0.4775
08/19/2024 05:00,1724043602,0.4745
08/19/2024 06:00,1724047202,0.469
08/19/2024 07:00,1724050802,0.469
08/19/2024 08:00,1724054402,0.4705
08/19/2024 09:00,1724058001,0.469
08/19/2024 10:00,1724061602,0.4705
08/19/2024 11:00,1724065202,0.472
08/19/2024 12:00,1724068802,0.472
08/19/2024 13:00,1724072402,0.4715
08/19/2024 14:00,1724076002,0.4715
08/19/2024 15:00,1724079601,0.472
08/19/2024 16:00,1724083202,0.4725
08/19/2024 17:00,1724086801,0.472
08/19/2024 18:00,1724090401,0.472
08/19/2024 19:00,1724094002,0.4725
08/19/2024 20:00,1724097602,0.4725
08/19/2024 21:00,1724101202,0.4765
08/19/2024 22:00,1724104802,0.4825
08/19/2024 23:00,1724108401,0.485
08/20/2024 00:00,1724112001,0.486
08/20/2024 01:00,1724115602,0.485
08/20/2024 02:00,1724119202,0.4865
08/20/2024 03:00,1724122802,0.4885
08/20/2024 04:00,1724126402,0.4885
08/20/2024 05:00,1724130002,0.4855
08/20/2024 06:00,1724133602,0.486
08/20/2024 07:00,1724137201,0.4855
08/20/2024 08:00,1724140802,0.485
08/20/2024 09:00,1724144402,0.4845
08/20/2024 10:00,1724148001,0.4855
08/20/2024 11:00,1724151602,0.484
08/20/2024 12:00,1724155202,0.484
08/20/2024 13:00,1724158802,0.4845
08/20/2024 14:00,1724162402,0.4855
08/20/2024 15:00,1724166002,0.487
08/20/2024 16:00,1724169601,0.486
08/20/2024 17:00,1724173201,0.4855
08/20/2024 18:00,1724176802,0.4865
08/20/2024 19:00,1724180402,0.4905
08/20/2024 20:00,1724184002,0.501
08/20/2024 21:00,1724187602,0.501
08/20/2024 22:00,1724191202,0.5025
08/20/2024 23:00,1724194801,0.504
08/21/2024 00:00,1724198402,0.5025
08/21/2024 01:00,1724202002,0.512
08/21/2024 02:00,1724205602,0.5185
08/21/2024 03:00,1724209202,0.519
08/21/2024 04:00,1724212802,0.5185
08/21/2024 05:00,1724216402,0.5185
08/21/2024 06:00,1724220002,0.518
08/21/2024 07:00,1724223602,0.5165
08/21/2024 08:00,1724227202,0.518
08/21/2024 09:00,1724230802,0.5185
08/21/2024 10:00,1724234402,0.5165
08/21/2024 11:00,1724238002,0.5185
08/21/2024 12:00,1724241602,0.5195
08/21/2024 13:00,1724245201,0.5185
08/21/2024 14:00,1724248801,0.5155
08/21/2024 15:00,1724252401,0.5175
08/21/2024 16:00,1724256001,0.518
08/21/2024 17:00,1724259602,0.518
08/21/2024 18:00,1724263202,0.519
08/21/2024 19:00,1724266801,0.52
08/21/2024 20:00,1724270401,0.5215
08/21/2024 21:00,1724274002,0.517
08/21/2024 22:00,1724277602,0.5185
08/21/2024 23:00,1724281201,0.5195
08/22/2024 00:00,1724284802,0.5215
08/22/2024 01:00,1724288402,0.523
08/22/2024 02:00,1724292001,0.526
08/22/2024 03:00,1724295602,0.5255
08/22/2024 04:00,1724299201,0.528
08/22/2024 05:00,1724302802,0.528
08/22/2024 06:00,1724306402,0.5285
08/22/2024 07:00,1724310002,0.5265
08/22/2024 08:00,1724313602,0.5255
08/22/2024 09:00,1724317202,0.5265
08/22/2024 10:00,1724320802,0.5265
08/22/2024 11:00,1724324402,0.5255
08/22/2024 12:00,1724328002,0.5255
08/22/2024 13:00,1724331602,0.5275
08/22/2024 14:00,1724335202,0.5255
08/22/2024 15:00,1724338802,0.5265
08/22/2024 16:00,1724342401,0.5255
08/22/2024 17:00,1724346001,0.5235
08/22/2024 18:00,1724349602,0.5225
08/22/2024 19:00,1724353201,0.5205
08/22/2024 20:00,1724356802,0.5115
08/22/2024 21:00,1724360402,0.513
08/22/2024 22:00,1724364002,0.517
08/22/2024 23:00,1724367602,0.5175
08/23/2024 00:00,1724371202,0.5175
08/23/2024 01:00,1724374801,0.514
08/23/2024 02:00,1724378403,0.5155
08/23/2024 03:00,1724382002,0.5115
08/23/2024 04:00,1724385602,0.5105
08/23/2024 05:00,1724389202,0.51
08/23/2024 06:00,1724392803,0.509
08/23/2024 07:00,1724396402,0.506
08/23/2024 08:00,1724400003,0.507
08/23/2024 09:00,1724403602,0.5105
08/23/2024 10:00,1724407202,0.512
08/23/2024 11:00,1724410802,0.5115
08/23/2024 12:00,1724414403,0.5135
08/23/2024 13:00,1724418002,0.5105
08/23/2024 14:00,1724421602,0.5085
08/23/2024 15:00,1724425202,0.509
08/23/2024 16:00,1724428802,0.509
08/23/2024 17:00,1724432401,0.494
08/23/2024 18:00,1724436002,0.495
08/23/2024 19:00,1724439602,0.514
08/23/2024 20:00,1724443202,0.506
08/23/2024 21:00,1724446801,0.501
08/23/2024 22:00,1724450401,0.502
08/23/2024 23:00,1724454001,0.503
08/24/2024 00:00,1724457602,0.5015
08/24/2024 01:00,1724461202,0.5015
08/24/2024 02:00,1724464802,0.5
08/24/2024 03:00,1724468401,0.5035
08/24/2024 04:00,1724472002,0.5035
08/24/2024 05:00,1724475602,0.5035
08/24/2024 06:00,1724479202,0.5025
08/24/2024 07:00,1724482802,0.5025
08/24/2024 08:00,1724486402,0.504
08/24/2024 09:00,1724490002,0.502
08/24/2024 10:00,1724493602,0.501
08/24/2024 11:00,1724497201,0.5025
08/24/2024 12:00,1724500802,0.5025
08/24/2024 13:00,1724504401,0.5
08/24/2024 14:00,1724508002,0.498
08/24/2024 15:00,1724511601,0.4975
08/24/2024 16:00,1724515202,0.4975
08/24/2024 17:00,1724518801,0.498
08/24/2024 18:00,1724522401,0.499
08/24/2024 19:00,1724526002,0.5015
08/24/2024 20:00,1724529601,0.5025
08/24/2024 21:00,1724533202,0.503
08/24/2024 22:00,1724536801,0.5025
08/24/2024 23:00,1724540402,0.5035
08/25/2024 00:00,1724544001,0.502
08/25/2024 01:00,1724547602,0.5015
08/25/2024 02:00,1724551202,0.4975
08/25/2024 03:00,1724554801,0.4915
08/25/2024 04:00,1724558401,0.4915
08/25/2024 05:00,1724562001,0.4915
08/25/2024 06:00,1724565601,0.4925
08/25/2024 07:00,1724569201,0.492
08/25/2024 08:00,1724572801,0.495
08/25/2024 09:00,1724576401,0.493
08/25/2024 10:00,1724580002,0.4925
08/25/2024 11:00,1724583602,0.499
08/25/2024 12:00,1724587201,0.494
08/25/2024 13:00,1724590801,0.4955
08/25/2024 14:00,1724594401,0.496
08/25/2024 15:00,1724598002,0.496
08/25/2024 16:00,1724601602,0.497
08/25/2024 17:00,1724605201,0.4945
08/25/2024 18:00,1724608801,0.4915
08/25/2024 19:00,1724612402,0.492
08/25/2024 20:00,1724616001,0.4915
08/25/2024 21:00,1724619601,0.4915
08/25/2024 22:00,1724623202,0.4915
08/25/2024 23:00,1724626801,0.4955
08/26/2024 00:00,1724630402,0.4955
08/26/2024 01:00,1724634001,0.4955
08/26/2024 02:00,1724637602,0.4955
08/26/2024 03:00,1724641201,0.4955
08/26/2024 04:00,1724644801,0.495
08/26/2024 05:00,1724648401,0.4955
08/26/2024 06:00,1724652002,0.4945
08/26/2024 07:00,1724655602,0.4945
08/26/2024 08:00,1724659201,0.4945
08/26/2024 09:00,1724662801,0.4945
08/26/2024 10:00,1724666401,0.495
08/26/2024 11:00,1724670002,0.4955
08/26/2024 12:00,1724673602,0.4955
08/26/2024 13:00,1724677202,0.4955
08/26/2024 14:00,1724680802,0.4975
08/26/2024 15:00,1724684401,0.498
08/26/2024 16:00,1724688002,0.4975
08/26/2024 17:00,1724691601,0.4965
08/26/2024 18:00,1724695201,0.4965
08/26/2024 19:00,1724698801,0.4965
08/26/2024 20:00,1724702402,0.4965
08/26/2024 21:00,1724706001,0.4975
08/26/2024 22:00,1724709601,0.4965
08/26/2024 23:00,1724713201,0.4975
08/27/2024 00:00,1724716801,0.4945
08/27/2024 01:00,1724720401,0.4955
08/27/2024 02:00,1724724001,0.4985
08/27/2024 03:00,1724727601,0.4985
08/27/2024 04:00,1724731202,0.4985
08/27/2024 05:00,1724734801,0.501
08/27/2024 06:00,1724738401,0.501
08/27/2024 07:00,1724742001,0.5005
08/27/2024 08:00,1724745601,0.5005
08/27/2024 09:00,1724749201,0.5005
08/27/2024 10:00,1724752802,0.5005
08/27/2024 11:00,1724756402,0.5015
08/27/2024 12:00,1724760002,0.5015
08/27/2024 13:00,1724763602,0.502
08/27/2024 14:00,1724767202,0.5015
08/27/2024 15:00,1724770801,0.5025
08/27/2024 16:00,1724774402,0.5025
08/27/2024 17:00,1724778002,0.503
08/27/2024 18:00,1724781601,0.503
08/27/2024 19:00,1724785202,0.503
08/27/2024 20:00,1724788802,0.5025
08/27/2024 21:00,1724792402,0.5035
08/27/2024 22:00,1724796002,0.5025
08/27/2024 23:00,1724799601,0.5015
08/28/2024 00:00,1724803201,0.5035
08/28/2024 01:00,1724806802,0.504
08/28/2024 02:00,1724810402,0.5025
08/28/2024 03:00,1724814002,0.5025
08/28/2024 04:00,1724817602,0.5025
08/28/2024 05:00,1724821202,0.5035
08/28/2024 06:00,1724824802,0.5005
08/28/2024 07:00,1724828402,0.5005
08/28/2024 08:00,1724832002,0.5005
08/28/2024 09:00,1724835602,0.5005
08/28/2024 10:00,1724839202,0.5005
08/28/2024 11:00,1724842802,0.4995
08/28/2024 12:00,1724846402,0.4995
08/28/2024 13:00,1724850001,0.4995
08/28/2024 14:00,1724853602,0.4995
08/28/2024 15:00,1724857202,0.4995
08/28/2024 16:00,1724860802,0.4995
08/28/2024 17:00,1724864402,0.5005
08/28/2024 18:00,1724868002,0.4995
08/28/2024 19:00,1724871602,0.4995
08/28/2024 20:00,1724875202,0.5005
08/28/2024 21:00,1724878801,0.502
08/28/2024 22:00,1724882402,0.5025
08/28/2024 23:00,1724886002,0.5025
08/29/2024 00:00,1724889602,0.503
08/29/2024 01:00,1724893202,0.5025
08/29/2024 02:00,1724896801,0.5025
08/29/2024 03:00,1724900402,0.5025
08/29/2024 04:00,1724904002,0.5025
08/29/2024 05:00,1724907602,0.5015
08/29/2024 06:00,1724911202,0.5015
08/29/2024 07:00,1724914802,0.4995
08/29/2024 08:00,1724918402,0.5005
08/29/2024 09:00,1724922002,0.5005
08/29/2024 10:00,1724925602,0.5005
08/29/2024 11:00,1724929202,0.5015
08/29/2024 12:00,1724932802,0.5005
08/29/2024 13:00,1724936402,0.5005
08/29/2024 14:00,1724940001,0.5005
08/29/2024 15:00,1724943601,0.5005
08/29/2024 16:00,1724947202,0.5005
08/29/2024 17:00,1724950802,0.5025
08/29/2024 18:00,1724954402,0.5025
08/29/2024 19:00,1724958002,0.5025
08/29/2024 20:00,1724961602,0.5025
08/29/2024 21:00,1724965202,0.5035
08/29/2024 22:00,1724968802,0.504
08/29/2024 23:00,1724972402,0.4995
08/30/2024 00:00,1724976002,0.498
08/30/2024 01:00,1724979602,0.4925
08/30/2024 02:00,1724983202,0.4925
08/30/2024 03:00,1724986802,0.4955
08/30/2024 04:00,1724990402,0.4955
08/30/2024 05:00,1724994002,0.4955
08/30/2024 06:00,1724997602,0.4955
08/30/2024 07:00,1725001202,0.497
08/30/2024 08:00,1725004802,0.4975
08/30/2024 09:00,1725008402,0.4975
08/30/2024 10:00,1725012002,0.4975
08/30/2024 11:00,1725015601,0.4985
08/30/2024 12:00,1725019202,0.4985
08/30/2024 13:00,1725022802,0.4985
08/30/2024 14:00,1725026402,0.4985
08/30/2024 15:00,1725030002,0.4985
08/30/2024 16:00,1725033602,0.4985
08/30/2024 17:00,1725037202,0.4985
08/30/2024 18:00,1725040802,0.4985
08/30/2024 19:00,1725044402,0.4995
08/30/2024 20:00,1725048002,0.4995
08/30/2024 21:00,1725051602,0.4995
08/30/2024 22:00,1725055202,0.4995
08/30/2024 23:00,1725058802,0.4995
08/31/2024 00:00,1725062402,0.4995
08/31/2024 01:00,1725066002,0.4995
08/31/2024 02:00,1725069602,0.4995
08/31/2024 03:00,1725073202,0.4995
08/31/2024 04:00,1725076802,0.4995
08/31/2024 05:00,1725080402,0.4995
08/31/2024 06:00,1725084002,0.4985
08/31/2024 07:00,1725087602,0.4985
08/31/2024 08:00,1725091201,0.4985
08/31/2024 09:00,1725094802,0.4985
08/31/2024 10:00,1725098402,0.4985
08/31/2024 11:00,1725102001,0.4995
08/31/2024 12:00,1725105602,0.4995
08/31/2024 13:00,1725109202,0.5005
08/31/2024 14:00,1725112802,0.5005
08/31/2024 15:00,1725116402,0.5005
08/31/2024 16:00,1725120002,0.5005
08/31/2024 17:00,1725123601,0.5005
08/31/2024 18:00,1725127202,0.5015
08/31/2024 19:00,1725130802,0.5015
08/31/2024 20:00,1725134402,0.5015
08/31/2024 21:00,1725138001,0.5015
08/31/2024 22:00,1725141602,0.502
08/31/2024 23:00,1725145201,0.502
09/01/2024 00:00,1725148802,0.5025
09/01/2024 01:00,1725152402,0.5025
09/01/2024 02:00,1725156001,0.5035
09/01/2024 03:00,1725159601,0.5035
09/01/2024 04:00,1725163201,0.5035
09/01/2024 05:00,1725166802,0.5035
09/01/2024 06:00,1725170402,0.5035
09/01/2024 07:00,1725174002,0.5055
09/01/2024 08:00,1725177601,0.5055
09/01/2024 09:00,1725181202,0.5055
09/01/2024 10:00,1725184802,0.5065
09/01/2024 11:00,1725188402,0.5065
09/01/2024 12:00,1725192002,0.5065
09/01/2024 13:00,1725195602,0.5065
09/01/2024 14:00,1725199202,0.5065
09/01/2024 15:00,1725202802,0.5075
09/01/2024 16:00,1725206402,0.5065
09/01/2024 17:00,1725210002,0.5055
09/01/2024 18:00,1725213602,0.5055
09/01/2024 19:00,1725217202,0.506
09/01/2024 20:00,1725220802,0.5075
09/01/2024 21:00,1725224402,0.5075
09/01/2024 22:00,1725228002,0.5075
09/01/2024 23:00,1725231601,0.5075
09/02/2024 00:00,1725235202,0.5085
09/02/2024 01:00,1725238802,0.5085
09/02/2024 02:00,1725242402,0.5085
09/02/2024 03:00,1725246001,0.511
09/02/2024 04:00,1725249602,0.5105
09/02/2024 05:00,1725253202,0.5105
09/02/2024 06:00,1725256802,0.5115
09/02/2024 07:00,1725260402,0.5125
09/02/2024 08:00,1725264002,0.5125
09/02/2024 09:00,1725267602,0.5125
09/02/2024 10:00,1725271202,0.5125
09/02/2024 11:00,1725274802,0.5125
09/02/2024 12:00,1725278402,0.512
09/02/2024 13:00,1725282002,0.5115
09/02/2024 14:00,1725285602,0.5115
09/02/2024 15:00,1725289202,0.5115
09/02/2024 16:00,1725292802,0.5115
09/02/2024 17:00,1725296402,0.5135
09/02/2024 18:00,1725300002,0.5145
09/02/2024 19:00,1725303602,0.5155
09/02/2024 20:00,1725307202,0.5155
09/02/2024 21:00,1725310801,0.5155
09/02/2024 22:00,1725314402,0.5165
09/02/2024 23:00,1725318002,0.517
09/03/2024 00:00,1725321602,0.5175
09/03/2024 01:00,1725325202,0.5155
09/03/2024 02:00,1725328802,0.5155
09/03/2024 03:00,1725332402,0.5155
09/03/2024 04:00,1725336002,0.5165
09/03/2024 05:00,1725339602,0.5165
09/03/2024 06:00,1725343202,0.5165
09/03/2024 07:00,1725346802,0.5145
09/03/2024 08:00,1725350402,0.5145
09/03/2024 09:00,1725354002,0.5145
09/03/2024 10:00,1725357602,0.515
09/03/2024 11:00,1725361202,0.5145
09/03/2024 12:00,1725364802,0.5145
09/03/2024 13:00,1725368402,0.5145
09/03/2024 14:00,1725372002,0.5135
09/03/2024 15:00,1725375602,0.5135
09/03/2024 16:00,1725379202,0.5145
09/03/2024 17:00,1725382802,0.5145
09/03/2024 18:00,1725386401,0.514
09/03/2024 19:00,1725390002,0.5135
09/03/2024 20:00,1725393602,0.5135
09/03/2024 21:00,1725397202,0.5115
09/03/2024 22:00,1725400802,0.512
09/03/2024 23:00,1725404402,0.512
09/04/2024 00:00,1725408002,0.5115
09/04/2024 01:00,1725411602,0.5115
09/04/2024 02:00,1725415202,0.5115
09/04/2024 03:00,1725418802,0.5125
09/04/2024 04:00,1725422402,0.5125
09/04/2024 05:00,1725426001,0.5135
09/04/2024 06:00,1725429602,0.5135
09/04/2024 07:00,1725433202,0.5125
09/04/2024 08:00,1725436802,0.5115
09/04/2024 09:00,1725440402,0.5145
09/04/2024 10:00,1725444002,0.5175
09/04/2024 11:00,1725447602,0.5175
09/04/2024 12:00,1725451202,0.5175
09/04/2024 13:00,1725454802,0.5175
09/04/2024 14:00,1725458402,0.5185
09/04/2024 15:00,1725462002,0.5185
09/04/2024 16:00,1725465602,0.5185
09/04/2024 17:00,1725469202,0.5195
09/04/2024 18:00,1725472802,0.5195
09/04/2024 19:00,1725476402,0.5195
09/04/2024 20:00,1725480002,0.5245
09/04/2024 21:00,1725483602,0.5275
09/04/2024 22:00,1725487202,0.5275
09/04/2024 23:00,1725490802,0.5285
09/05/2024 00:00,1725494402,0.5295
09/05/2024 01:00,1725498002,0.5285
09/05/2024 02:00,1725501602,0.5285
09/05/2024 03:00,1725505202,0.5285
09/05/2024 04:00,1725508802,0.5275
09/05/2024 05:00,1725512402,0.5275
09/05/2024 06:00,1725516002,0.5285
09/05/2024 07:00,1725519603,0.5285
09/05/2024 08:00,1725523202,0.5275
09/05/2024 09:00,1725526802,0.5285
09/05/2024 10:00,1725530402,0.5275
09/05/2024 11:00,1725534003,0.5275
09/05/2024 12:00,1725537602,0.5285
09/05/2024 13:00,1725541202,0.5285
09/05/2024 14:00,1725544803,0.5305
09/05/2024 15:00,1725548402,0.5305
09/05/2024 16:00,1725552002,0.532
09/05/2024 17:00,1725555602,0.5335
09/05/2024 18:00,1725559202,0.5335
09/05/2024 19:00,1725562801,0.5325
09/05/2024 20:00,1725566402,0.5265
09/05/2024 21:00,1725570002,0.5275
09/05/2024 22:00,1725573602,0.527
09/05/2024 23:00,1725577202,0.527
09/06/2024 00:00,1725580802,0.528
09/06/2024 01:00,1725584402,0.5285
09/06/2024 02:00,1725588002,0.5285
09/06/2024 03:00,1725591602,0.5285
09/06/2024 04:00,1725595202,0.5285
09/06/2024 05:00,1725598802,0.529
09/06/2024 06:00,1725602402,0.5285
09/06/2024 07:00,1725606002,0.5285
09/06/2024 08:00,1725609602,0.5295
09/06/2024 09:00,1725613202,0.5295
09/06/2024 10:00,1725616802,0.5295
09/06/2024 11:00,1725620402,0.5295
09/06/2024 12:00,1725624002,0.5285
09/06/2024 13:00,1725627602,0.5285
09/06/2024 14:00,1725631202,0.5295
09/06/2024 15:00,1725634802,0.5325
09/06/2024 16:00,1725638401,0.5315
09/06/2024 17:00,1725642002,0.5185
09/06/2024 18:00,1725645602,0.5115
09/06/2024 19:00,1725649203,0.5055
09/06/2024 20:00,1725652802,0.5085
09/06/2024 21:00,1725656402,0.5075
09/06/2024 22:00,1725660002,0.508
09/06/2024 23:00,1725663602,0.5045
09/07/2024 00:00,1725667202,0.5055
09/07/2024 01:00,1725670802,0.513
09/07/2024 02:00,1725674402,0.5115
09/07/2024 03:00,1725678002,0.5085
09/07/2024 04:00,1725681602,0.5085
09/07/2024 05:00,1725685202,0.5085
09/07/2024 06:00,1725688802,0.5095
09/07/2024 07:00,1725692402,0.5095
09/07/2024 08:00,1725696002,0.5095
09/07/2024 09:00,1725699602,0.5085
09/07/2024 10:00,1725703202,0.5095
09/07/2024 11:00,1725706802,0.5095
09/07/2024 12:00,1725710402,0.5095
09/07/2024 13:00,1725714002,0.5055
09/07/2024 14:00,1725717602,0.5045
09/07/2024 15:00,1725721202,0.506
09/07/2024 16:00,1725724802,0.5045
09/07/2024 17:00,1725728402,0.5065
09/07/2024 18:00,1725732002,0.5045
09/07/2024 19:00,1725735602,0.5035
09/07/2024 20:00,1725739202,0.5025
09/07/2024 21:00,1725742802,0.5025
09/07/2024 22:00,1725746402,0.5035
09/07/2024 23:00,1725750002,0.503
09/08/2024 00:00,1725753602,0.5
09/08/2024 01:00,1725757201,0.5005
09/08/2024 02:00,1725760802,0.5
09/08/2024 03:00,1725764402,0.4975
09/08/2024 04:00,1725768002,0.4965
09/08/2024 05:00,1725771602,0.4975
09/08/2024 06:00,1725775201,0.4975
09/08/2024 07:00,1725778802,0.4965
09/08/2024 08:00,1725782401,0.4985
09/08/2024 09:00,1725786002,0.4985
09/08/2024 10:00,1725789602,0.5145
09/08/2024 11:00,1725793202,0.514
09/08/2024 12:00,1725796801,0.5175
09/08/2024 13:00,1725800402,0.5175
09/08/2024 14:00,1725804002,0.5155
09/08/2024 15:00,1725807602,0.5155
09/08/2024 16:00,1725811202,0.5155
09/08/2024 17:00,1725814802,0.516
09/08/2024 18:00,1725818402,0.5155
09/08/2024 19:00,1725822002,0.514
09/08/2024 20:00,1725825602,0.512
09/08/2024 21:00,1725829202,0.513
09/08/2024 22:00,1725832802,0.5125
09/08/2024 23:00,1725836402,0.513
09/09/2024 00:00,1725840001,0.513
09/09/2024 01:00,1725843602,0.5135
09/09/2024 02:00,1725847202,0.5125
09/09/2024 03:00,1725850802,0.513
09/09/2024 04:00,1725854402,0.5125
09/09/2024 05:00,1725858002,0.5165
09/09/2024 06:00,1725861602,0.5175
09/09/2024 07:00,1725865202,0.518
09/09/2024 08:00,1725868802,0.5175
09/09/2024 09:00,1725872402,0.5175
09/09/2024 10:00,1725876002,0.5185
09/09/2024 11:00,1725879602,0.5185
09/09/2024 12:00,1725883202,0.5175
09/09/2024 13:00,1725886802,0.5175
09/09/2024 14:00,1725890403,0.517
09/09/2024 15:00,1725894002,0.5175
09/09/2024 16:00,1725897602,0.5165
09/09/2024 17:00,1725901202,0.5165
09/09/2024 18:00,1725904801,0.5175
09/09/2024 19:00,1725908402,0.517
09/09/2024 20:00,1725912002,0.5165
09/09/2024 21:00,1725915602,0.522
09/09/2024 22:00,1725919202,0.5235
09/09/2024 23:00,1725922802,0.523
09/10/2024 00:00,1725926402,0.5225
09/10/2024 01:00,1725930002,0.5225
09/10/2024 02:00,1725933602,0.5225
09/10/2024 03:00,1725937203,0.5215
09/10/2024 04:00,1725940802,0.5215
09/10/2024 05:00,1725944402,0.5215
09/10/2024 06:00,1725948002,0.5215
09/10/2024 07:00,1725951602,0.5215
09/10/2024 08:00,1725955202,0.5205
09/10/2024 08:00,1725955202,0.5205
